{"engineId":"133db94b-4371-4763-bff9-edf7e5ed021b","engineName":"TAP_Core_Data","rdbmsId":"324","varstore":{},"frames":[{"file":"@BaseFolder@\\db\\@ENGINE@\\version\\324\\FRAME.gz","meta":"@BaseFolder@\\db\\@ENGINE@\\version\\324\\METADATA__FRAME.owl","state":null,"type":"prerna.ds.rdbms.h2.H2Frame","name":"FRAME","keys":["$CUR_FRAME_KEY","FRAME"]}],"panels":[{"panelId":"0","panelLabel":null,"view":"visualization","viewOptions":null,"viewOptionsMap":{},"config":{},"ornaments":{},"events":{"onSingleClick":{"Unfilter":[{"query":"UnfilterFrame(<Frame>__<SelectedColumn>);","options":{},"refresh":true,"panel":""}]},"onBrush":{"Filter":[{"query":"if(IsEmpty(<SelectedValues>), UnfilterFrame(<Frame>__<SelectedColumn>), SetFrameFilter(<Frame>__<SelectedColumn>==<SelectedValues>));","options":{},"refresh":true,"panel":""}]}},"comments":{},"position":{},"filters":[],"order":[],"cbv":[]}],"tasks":{"tasks":[{"type":"basic","task":{"taskType":"basic","id":"task1","numCollected":500,"internalOffset":0,"taskOptions":"{\"options\":{\"0\":{\"layout\":\"Grid\",\"alignment\":{\"label\":[\"System\"]}}},\"ornament\":false}","qs":{"qsType":"FRAME","frameName":"FRAME","isDistinct":true,"overrideImplicit":false,"limit":500,"offset":0,"relations":"[]","selectors":[{"type":"COLUMN","content":{"table":"System","column":"PRIM_KEY_PLACEHOLDER","alias":"System","tableAlias":null}}]}}}],"taskCounter":2},"recipe":["AddPanel ( 0 ) ;","Panel ( 0 ) | AddPanelEvents ( { \"onSingleClick\" : { \"Unfilter\" : [ { \"panel\" : \"\" , \"query\" : \"<encode>UnfilterFrame(<Frame>__<SelectedColumn>);</encode>\" , \"options\" : { } , \"refresh\" : true } ] } , \"onBrush\" : { \"Filter\" : [ { \"panel\" : \"\" , \"query\" : \"<encode>if(IsEmpty(<SelectedValues>), UnfilterFrame(<Frame>__<SelectedColumn>), SetFrameFilter(<Frame>__<SelectedColumn>==<SelectedValues>));</encode>\" , \"options\" : { } , \"refresh\" : true } ] } } ) ;","Panel ( 0 ) | RetrievePanelEvents ( ) ;","CreateFrame ( grid ) .as ( [ 'FRAME' ] ) ;","Database ( TAP_Core_Data ) | Query ( \"SELECT DISTINCT ?System WHERE { {SELECT DISTINCT ?System (SAMPLE(?SystemOwner) AS ?owner) (SAMPLE(?crm) AS ?r) (SUM(IF(?crm!='R', 1, 0)) AS ?nonRcount) WHERE {{?System <http://www.w3.org/1999/02/22-rdf-syntax-ns#type> <http://semoss.org/ontologies/Concept/ActiveSystem> ;} {?provide <http://www.w3.org/2000/01/rdf-schema#subPropertyOf> <http://semoss.org/ontologies/Relation/Provide>;}{?Data <http://www.w3.org/1999/02/22-rdf-syntax-ns#type> <http://semoss.org/ontologies/Concept/DataObject>;}{?System ?provide ?Data .}{?provide <http://semoss.org/ontologies/Relation/Contains/CRM> ?crm;} {?OwnedBy <http://www.w3.org/2000/01/rdf-schema#subPropertyOf> <http://semoss.org/ontologies/Relation/OwnedBy>;}{?System ?OwnedBy ?SystemOwner}} GROUP BY ?System BINDINGS ?SystemOwner {(<http://health.mil/ontologies/Concept/SystemOwner/Central>)(<http://health.mil/ontologies/Concept/SystemOwner/DHSS>)(<http://health.mil/ontologies/Concept/SystemOwner/DHIMS>)}} FILTER (?nonRcount in (0)) }\" ) | Import ( ) ;","Panel ( 0 ) | SetPanelView ( \"visualization\" ) ;","Frame ( ) | Select ( f$ System ) | Format ( type = [ 'table' ] ) | TaskOptions ( { '0' : { \"layout\" : \"Grid\" , \"alignment\" : { \"label\" : [ \"System\" ] } } } ) | Collect ( 500 ) ;"]}