{"engineId":"133db94b-4371-4763-bff9-edf7e5ed021b","engineName":"TAP_Core_Data","rdbmsId":"329","varstore":{},"frames":[{"file":"@BaseFolder@\\db\\@ENGINE@\\version\\329\\FRAME.gz","meta":"@BaseFolder@\\db\\@ENGINE@\\version\\329\\METADATA__FRAME.owl","state":null,"type":"prerna.ds.rdbms.h2.H2Frame","name":"FRAME","keys":["$CUR_FRAME_KEY","FRAME"]}],"panels":[{"panelId":"0","panelLabel":null,"view":"visualization","viewOptions":null,"viewOptionsMap":{},"config":{},"ornaments":{},"events":{"onSingleClick":{"Unfilter":[{"query":"UnfilterFrame(<Frame>__<SelectedColumn>);","options":{},"refresh":true,"panel":""}]},"onBrush":{"Filter":[{"query":"if(IsEmpty(<SelectedValues>), UnfilterFrame(<Frame>__<SelectedColumn>), SetFrameFilter(<Frame>__<SelectedColumn>==<SelectedValues>));","options":{},"refresh":true,"panel":""}]}},"comments":{},"position":{},"filters":[],"order":[],"cbv":[]}],"tasks":{"tasks":[{"type":"basic","task":{"taskType":"basic","id":"task1","numCollected":500,"internalOffset":0,"taskOptions":"{\"options\":{\"0\":{\"layout\":\"Grid\",\"alignment\":{\"label\":[\"sys\",\"Owner\",\"SystemInterfaceCount\"]}}},\"ornament\":false}","qs":{"qsType":"FRAME","frameName":"FRAME","isDistinct":true,"overrideImplicit":false,"limit":500,"offset":0,"relations":"[]","selectors":[{"type":"COLUMN","content":{"table":"sys","column":"PRIM_KEY_PLACEHOLDER","alias":"sys","tableAlias":null}},{"type":"COLUMN","content":{"table":"Owner","column":"PRIM_KEY_PLACEHOLDER","alias":"Owner","tableAlias":null}},{"type":"COLUMN","content":{"table":"SystemInterfaceCount","column":"PRIM_KEY_PLACEHOLDER","alias":"SystemInterfaceCount","tableAlias":null}}]}}}],"taskCounter":2},"recipe":["AddPanel ( 0 ) ;","Panel ( 0 ) | AddPanelEvents ( { \"onSingleClick\" : { \"Unfilter\" : [ { \"panel\" : \"\" , \"query\" : \"<encode>UnfilterFrame(<Frame>__<SelectedColumn>);</encode>\" , \"options\" : { } , \"refresh\" : true } ] } , \"onBrush\" : { \"Filter\" : [ { \"panel\" : \"\" , \"query\" : \"<encode>if(IsEmpty(<SelectedValues>), UnfilterFrame(<Frame>__<SelectedColumn>), SetFrameFilter(<Frame>__<SelectedColumn>==<SelectedValues>));</encode>\" , \"options\" : { } , \"refresh\" : true } ] } } ) ;","Panel ( 0 ) | RetrievePanelEvents ( ) ;","CreateFrame ( grid ) .as ( [ 'FRAME' ] ) ;","Database ( TAP_Core_Data ) | Query ( \"SELECT DISTINCT (SAMPLE(?System) AS ?sys) (SAMPLE(?owner) AS ?Owner) (COALESCE(COUNT(DISTINCT(?ICD)), 0) AS ?SystemInterfaceCount) WHERE { {?System <http://www.w3.org/1999/02/22-rdf-syntax-ns#type> <http://semoss.org/ontologies/Concept/ActiveSystem>;}  {?owner <http://www.w3.org/1999/02/22-rdf-syntax-ns#type> <http://semoss.org/ontologies/Concept/SystemOwner>;} {?System <http://semoss.org/ontologies/Relation/OwnedBy> ?owner } BIND(URI(CONCAT(STR(?System),STR(?owner))) AS ?sysOwner) OPTIONAL{ BIND(<http://semoss.org/ontologies/Relation/Provide> AS ?Upstream) {?ICD <http://www.w3.org/1999/02/22-rdf-syntax-ns#type> <http://semoss.org/ontologies/Concept/SystemInterface> ;} {?System ?Upstream ?ICD ;} } } GROUP BY ?sysOwner\" ) | Import ( ) ;","Panel ( 0 ) | SetPanelView ( \"visualization\" ) ;","Frame ( ) | Select ( f$ sys , f$ Owner , f$ SystemInterfaceCount ) | Format ( type = [ 'table' ] ) | TaskOptions ( { '0' : { \"layout\" : \"Grid\" , \"alignment\" : { \"label\" : [ \"sys\" , \"Owner\" , \"SystemInterfaceCount\" ] } } } ) | Collect ( 500 ) ;"]}