{"insightID":"5747651c-48b1-4da6-8537-3e9d89e12cd0","pixelReturn":[{"pixelExpression":"CachedPanel ( \"0\" ) ;","isMeta":false,"output":{"panelId":"0","view":"visualization","viewOptionsMap":{},"config":{},"ornaments":{},"events":{"onSingleClick":{"Unfilter":[{"query":"UnfilterFrame(<Frame>__<SelectedColumn>);","options":{},"refresh":true,"panel":""}]},"onBrush":{"Filter":[{"query":"if(IsEmpty(<SelectedValues>), UnfilterFrame(<Frame>__<SelectedColumn>), SetFrameFilter(<Frame>__<SelectedColumn>==<SelectedValues>));","options":{},"refresh":true,"panel":""}]}},"comments":{},"position":{},"filters":[],"order":[],"cbv":[]},"operationType":["CACHED_PANEL"]},{"pixelExpression":"Frame ( ) | Select ( f$ sys , f$ Owner , f$ SystemInterfaceCount ) | Format ( type = [ 'table' ] ) | TaskOptions ( { '0' : { \"layout\" : \"Grid\" , \"alignment\" : { \"label\" : [ \"sys\" , \"Owner\" , \"SystemInterfaceCount\" ] } } } ) | Collect ( 500 ) ;","isMeta":false,"output":{"data":{"values":[["System_1","SDD_Clinical_Support_PMO","0.0"],["System_10","SDD_Clinical_Support_PMO","0.0"],["System_11","SDD_Clinical_Support_PMO","3.0"],["System_12","SDD_Health_Services_Support_PMO","1.0"],["System_13","SDD_Clinical_Support_PMO","4.0"],["System_14","SDD_Clinical_Support_PMO","3.0"],["System_15","SDD_EHR_Core_PMO","0.0"],["System_16","Air_Force","0.0"],["System_17","SDD_Clinical_Support_PMO","2.0"],["System_18","SDD_Clinical_Support_PMO","1.0"],["System_19","SDD_Clinical_Support_PMO","4.0"],["System_2","SDD_EHR_Core_PMO","20.0"],["System_20","Central","0.0"],["System_20","TriService","0.0"],["System_21","Locally_Managed","0.0"],["System_21","TriService","0.0"],["System_22","Navy","0.0"],["System_23","Army","0.0"],["System_24","Navy","0.0"],["System_25","Pharm_Ops","0.0"],["System_25","Central","0.0"],["System_3","SDD_Clinical_Support_PMO","24.0"],["System_4","SDD_EHR_Core_PMO","142.0"],["System_5","SDD_EHR_Core_PMO","30.0"],["System_6","SDD_EHR_Core_PMO","0.0"],["System_7","SDD_Health_Services_Support_PMO","0.0"],["System_8","SDD_EHR_Core_PMO","0.0"],["System_9","SDD_Health_Services_Support_PMO","0.0"]],"headers":["sys","Owner","SystemInterfaceCount"],"rawHeaders":["SYS","OWNER","SYSTEMINTERFACECOUNT"]},"headerInfo":[{"alias":"sys","header":"sys","type":"STRING","derived":false},{"alias":"Owner","header":"Owner","type":"STRING","derived":false},{"alias":"SystemInterfaceCount","header":"SystemInterfaceCount","type":"STRING","derived":false}],"sortInfo":[],"numRows":28,"sources":[{"name":"FRAME","type":"FRAME"}],"numCollected":500,"taskOptions":{"0":{"layout":"Grid","alignment":{"label":["sys","Owner","SystemInterfaceCount"]}}},"format":{"type":"TABLE"},"filterInfo":[],"taskId":"task1"},"operationType":["TASK_DATA"]}]}