{"engineId":"133db94b-4371-4763-bff9-edf7e5ed021b","engineName":"TAP_Core_Data","rdbmsId":"129","varstore":{},"frames":[{"file":"@BaseFolder@\\db\\@ENGINE@\\version\\129\\FRAME.gz","meta":"@BaseFolder@\\db\\@ENGINE@\\version\\129\\METADATA__FRAME.owl","state":null,"type":"prerna.ds.rdbms.h2.H2Frame","name":"FRAME","keys":["$CUR_FRAME_KEY","FRAME"]}],"panels":[{"panelId":"0","panelLabel":null,"view":"visualization","viewOptions":null,"viewOptionsMap":{},"config":{},"ornaments":{},"events":{"onSingleClick":{"Unfilter":[{"query":"UnfilterFrame(<Frame>__<SelectedColumn>);","options":{},"refresh":true,"panel":""}]},"onBrush":{"Filter":[{"query":"if(IsEmpty(<SelectedValues>), UnfilterFrame(<Frame>__<SelectedColumn>), SetFrameFilter(<Frame>__<SelectedColumn>==<SelectedValues>));","options":{},"refresh":true,"panel":""}]}},"comments":{},"position":{},"filters":[],"order":[],"cbv":[]}],"tasks":{"tasks":[{"type":"basic","task":{"taskType":"basic","id":"task1","numCollected":500,"internalOffset":0,"taskOptions":"{\"options\":{\"0\":{\"layout\":\"Grid\",\"alignment\":{\"label\":[\"data\",\"SystemInterfaceCount\"]}}},\"ornament\":false}","qs":{"qsType":"FRAME","frameName":"FRAME","isDistinct":true,"overrideImplicit":false,"limit":500,"offset":0,"relations":"[]","selectors":[{"type":"COLUMN","content":{"table":"data","column":"PRIM_KEY_PLACEHOLDER","alias":"data","tableAlias":null}},{"type":"COLUMN","content":{"table":"SystemInterfaceCount","column":"PRIM_KEY_PLACEHOLDER","alias":"SystemInterfaceCount","tableAlias":null}}]}}}],"taskCounter":2},"recipe":["AddPanel ( 0 ) ;","Panel ( 0 ) | AddPanelEvents ( { \"onSingleClick\" : { \"Unfilter\" : [ { \"panel\" : \"\" , \"query\" : \"<encode>UnfilterFrame(<Frame>__<SelectedColumn>);</encode>\" , \"options\" : { } , \"refresh\" : true } ] } , \"onBrush\" : { \"Filter\" : [ { \"panel\" : \"\" , \"query\" : \"<encode>if(IsEmpty(<SelectedValues>), UnfilterFrame(<Frame>__<SelectedColumn>), SetFrameFilter(<Frame>__<SelectedColumn>==<SelectedValues>));</encode>\" , \"options\" : { } , \"refresh\" : true } ] } } ) ;","Panel ( 0 ) | RetrievePanelEvents ( ) ;","CreateFrame ( grid ) .as ( [ 'FRAME' ] ) ;","Database ( TAP_Core_Data ) | Query ( \"SELECT DISTINCT ?data (COUNT(?icd) AS ?SystemInterfaceCount) WHERE { {?icd <http://www.w3.org/1999/02/22-rdf-syntax-ns#type> <http://semoss.org/ontologies/Concept/SystemInterface>;} BIND(<http://semoss.org/ontologies/Relation/Payload> AS ?payload) {?data <http://www.w3.org/1999/02/22-rdf-syntax-ns#type> <http://semoss.org/ontologies/Concept/DataObject>;}{?icd ?payload ?data}} GROUP BY ?data\" ) | Import ( ) ;","Panel ( 0 ) | SetPanelView ( \"visualization\" ) ;","Frame ( ) | Select ( f$ data , f$ SystemInterfaceCount ) | Format ( type = [ 'table' ] ) | TaskOptions ( { '0' : { \"layout\" : \"Grid\" , \"alignment\" : { \"label\" : [ \"data\" , \"SystemInterfaceCount\" ] } } } ) | Collect ( 500 ) ;"]}