{"insightID":"3eb69472-55c7-4cdf-ae4e-7fcdd1187ede","pixelReturn":[{"pixelExpression":"CachedPanel ( \"0\" ) ;","isMeta":false,"output":{"panelId":"0","view":"visualization","viewOptionsMap":{},"config":{},"ornaments":{},"events":{"onSingleClick":{"Unfilter":[{"query":"UnfilterFrame(<Frame>__<SelectedColumn>);","options":{},"refresh":true,"panel":""}]},"onBrush":{"Filter":[{"query":"if(IsEmpty(<SelectedValues>), UnfilterFrame(<Frame>__<SelectedColumn>), SetFrameFilter(<Frame>__<SelectedColumn>==<SelectedValues>));","options":{},"refresh":true,"panel":""}]}},"comments":{},"position":{},"filters":[],"order":[],"cbv":[]},"operationType":["CACHED_PANEL"]},{"pixelExpression":"Frame ( ) | Select ( f$ data , f$ SystemInterfaceCount ) | Format ( type = [ 'table' ] ) | TaskOptions ( { '0' : { \"layout\" : \"Grid\" , \"alignment\" : { \"label\" : [ \"data\" , \"SystemInterfaceCount\" ] } } } ) | Collect ( 500 ) ;","isMeta":false,"output":{"data":{"values":[["Allergy_Information",5.0],["Appointment",7.0],["Benefits_Eligibility_Information",9.0],["Benefits_Enrollment_Information",6.0],["Billing_Data",4.0],["Care_Management",8.0],["Case_Management_Information",6.0],["Claim_Reference_Codes",5.0],["Claims_Processing_Data",5.0],["Compliance_&_Authorization",4.0],["Cost_Accounting_Information",2.0],["Discharge_Summary",7.0],["Duty-Specific_Physical_Information_and_Status",6.0],["Emergency_Department",2.0],["Encounter_Information",9.0],["Equipment",2.0],["Facility",9.0],["Imaging-Radiology",8.0],["Insurance_Information",4.0],["Location",7.0],["Logistics_Order",3.0],["Medication_Information",10.0],["Nutrition_Management",4.0],["Order_Information",9.0],["Patient_Administration",8.0],["Patient_Demographics_and_Information",13.0],["Patient_Educational_Information",2.0],["Patient_ID",10.0],["Patient_Immunization",2.0],["Patient_Implant_Information",2.0],["Patient_Notes_(Doctor-Nurse-Procedure-Dental_Exam)",7.0],["Patient_Procedures",9.0],["Patient_Test_Results",5.0],["Patient_Treatment_Plan",2.0],["Patient_Vital_Signs",3.0],["Personal_Health_Record",5.0],["Provider_Information",13.0],["Referral_Information",2.0],["Room",1.0],["Staff_Schedule",2.0],["Supply",1.0],["Third_Party_Billing",3.0],["Work_Order",3.0]],"headers":["data","SystemInterfaceCount"],"rawHeaders":["DATA","SYSTEMINTERFACECOUNT"]},"headerInfo":[{"alias":"data","header":"data","type":"STRING","derived":false},{"alias":"SystemInterfaceCount","header":"SystemInterfaceCount","type":"NUMBER","derived":false}],"sortInfo":[],"numRows":43,"sources":[{"name":"FRAME","type":"FRAME"}],"numCollected":500,"taskOptions":{"0":{"layout":"Grid","alignment":{"label":["data","SystemInterfaceCount"]}}},"format":{"type":"TABLE"},"filterInfo":[],"taskId":"task1"},"operationType":["TASK_DATA"]}]}