{"insightID":"b52719ba-be18-4740-835d-caa72bbb96db","pixelReturn":[{"pixelExpression":"CachedPanel ( \"0\" ) ;","isMeta":false,"output":{"panelId":"0","view":"visualization","viewOptionsMap":{},"config":{},"ornaments":{},"events":{"onSingleClick":{"Unfilter":[{"query":"UnfilterFrame(<Frame>__<SelectedColumn>);","options":{},"refresh":true,"panel":""}]},"onBrush":{"Filter":[{"query":"if(IsEmpty(<SelectedValues>), UnfilterFrame(<Frame>__<SelectedColumn>), SetFrameFilter(<Frame>__<SelectedColumn>==<SelectedValues>));","options":{},"refresh":true,"panel":""}]}},"comments":{},"position":{},"filters":[],"order":[],"cbv":[]},"operationType":["CACHED_PANEL"]},{"pixelExpression":"Frame ( ) | Select ( f$ BLU , f$ Description ) | Format ( type = [ 'table' ] ) | TaskOptions ( { '0' : { \"layout\" : \"Grid\" , \"alignment\" : { \"label\" : [ \"BLU\" , \"Description\" ] } } } ) | Collect ( 500 ) ;","isMeta":false,"output":{"data":{"values":[["Access_Validation_and_Management","Validates_users_access-permission_to_a_given_system_or_views."],["Adverse_Drugs_Interaction_Warning","Checks_and_reports_other_potential_adverse_reactions_when_new_medications_are_about_to_be_given."],["Alert-Notification","Alerts_when_certain_conditions_are_met_such_as_items_recalled,_maintenance_due,_sensitive_patients_selected,_deadlines,_etc."],["Application_Virtualization","Virtualizes_the_connection_to_AHLTA_and_CHCS"],["Assessment_Correlation","Correlates_assessment_to_problem_list,_PSR,_and_health_trends._Usually_used_for_diagnostic_purposes."],["Behavioral_Health_Product_Line_reporting","Report_behavioral_health_at_the_point_of_injury_and_stores_until_it_can_be_transferred_to_centralized_repository"],["Behavioral_Health_Report_Generation","Generate_health_reports_from_disparate_datasets."],["Behavioral_Health_access_to_care_reporting","Generate_Reports_Relating_to_behavioral_health_by_location"],["Benefit_Validation","Validates_the_benefits_eligibility_of_a_patient."],["Biological_Personnel_Reliability_Status_Management","Manage_biological_personnel_reliability_information_in_relation_to_meeting_CDC_Regulations_for_a_laboratory."],["Blood_Product_Validation","Validates_the_correct_matching_of_the_patient_to_the_blood_product."],["Claim_Validation","Validates_insurance_claims_and_makes_edits_as_necessary."],["Coding_Assistance","Assists_the_user_in_coding_information_for_clinical_reporting_reasons._For_example,_a_professional_coder_may_have_to_code_the_principal_diagnosis_in_the_current,_applicable_ICD_as_a_basis_for_hospital_funding._All_diagnoses_and_procedures_during_the_episode_may_be_presented_to_the_coder,_as_well_as_the_applicable_ICD_hierarchy_containing_these_codes."],["Configuration_Management","Facilitates_configuration_management,_including_version_control_and_checking_for_up_to_date_business_and_clinical_guidelines."],["Confirmation-Acknowledgment_Generation","Generates_confirmation_messages_to_guarantee_that_the_sources_and_receivers_of_data_cannot_deny_that_they_entered-sent-received_the_data."],["Contract_Compliance_Validation","Validates_and_ensures_an_entity_is_compliant_with_contracts_it_has_agreed_to._For_example,_a_prime_vendor_delivering_supplies_to_specific_locations_to_comply_with_its_contract_with_a_MTF."],["Cost-Benefit_Analysis","Provides_investment_recommendations_based_upon_ROI."],["Credential_Validation","Validates_the_providers_credentials,_training,_and_certifications."],["Data_Transformation","Integrate_non-related_datasets_into_a_single,_comprehensive_health_database"],["Diagnostic_Test_Results","Provide_diagnostic_test_results_for_access_anywhere_in_the_hospital"],["Document_Digitization","Converts_documents_from_paper_to_digital_format_and_includes_natural_language_processing."],["Document_Management","Correlates,_aggregates,_and_manages_non-clinical_documentation_such_as_HIPAA,_risk_management,_incident_document,_etc."],["Document_Management","Correlates,_aggregates,_and_manages_clinical_and_non-clinical_documentation_such_as_HIPAA,_risk_management,_incident_document,_etc."],["Duplicate_Claims_Resolution","Web-based_Duplicate_Claims_System_that_automates_the_resolution_of_duplicate_purchased_care_claim_payments."],["Enterprise_Sexual_Assault_Reporting","Generate_sexual_assault_reports_on_an_enterprise_level"],["Evaluate_Training-Education","Assessment_of_the_effectiveness_of_a_training_event."],["Evaluate_Warfighter_Performance","Assess_warfighter_performance_based_on_mission_requirements,_duty_specific_information,_and_training_results."],["Facilities_Maintenance_Recommendation","Provides_facilities_maintenance_recommendations_for_facilities_and_MTFs"],["Facility_Availability_Management","Monitors_utilization_and_manages_the_tasks_and_scheduling_of_rooms_and_large_equipment_(x-ray_machines,_etc.)_in_a_facility."],["Financial_Accounting_Management","Automates_accounting_or_calculations_done_by_software._This_relates_mainly_to_non-patient-specific_business_accounting."],["Financial_and_Cost_Accounting_Management","Automates_financial_and_cost_accounting_or_calculations_done_by_software._This_relates_mainly_to_non-patient-specific_business_accounting."],["Generate_Bill","Generates_the_bill_after_an_encounter."],["Generate_Form","Generate_bills_and_insurance_claim_forms_which_are_then_sent_to_insurance_companies"],["Generate_Payment","Generate_the_payment."],["Healthcare_Resource_Availability_Management","Monitors_utilization_and_manages_the_tasks_and_scheduling_of_staff_and_equipment."],["Heat_Stress_Monitoring","Provides_Heat_Exposure_Guidance_for_Personnel_working_in_either_shipboard_or_shore_environments."],["Incident_Review","Reviews_an_adverse_health_event_involving_an_MHS_patient_in_order_to_identify_and_document_the_cause_of_the_event."],["Information_Technology_Performance_Validation","Provides_performance_status_and_test_results_from_diagnostics_performed_on_MHS_IT_systems"],["Intervention_Technique_Support","Presents_suggestions_to_the_care_provider_indicating_an_appropriate_intervention_or_administration_technique."],["Lab_Test_Drug_Restriction","Restricts_drugs_available_to_patient_based_off_patient_allergies,_conditions,_etc._for_purposes_of_lab_testing."],["MTF_Level_Case_Management_Reporting","Generate_case_management_reports_on_an_MTF_Level"],["Manage_Patient_Flow","Facilitate_customer_flow_between_independence_stations,_create_fully_customizable_reports_based_on_customer_volume,_wait_times,_attendant_utilization_and_requirements."],["Materiel_Matching","Mechanism_to_match_and_locate_material_when_needed._Example,_when_vendor_recalls_a_specific_equipment,_MTF_needs_to_find_where_their_associated_items._Material_can_include_equipment,_supplies,_and_assemblages."],["Materiel_Order_Support","Provide_the_logistician_with_the_best_alternatives_for_order_vendor_selection_based_on_order_items,_quantity,_packing_options,_shipping_options,_delivery_locations,_vendor_representative_support,_etc."],["Medical_Equipment_Maintenance_Recommendation","Provides_maintenance_recommendations_for_medical_equipment."],["Medical_Event_Report_Generation","Report_Medical_Events_and_Archive_Public_Health_information_according_to_Disease_Reporting_Requirements_set_forth_in_Service_and_DOD_regulations"],["Monitor_Fetal_Heart_Rate","Monitor_fetal_vitals_on_a_mobile_basis"],["Monitor_Patient_Vital_Statistics","Monitor_mother_vitals_on_a_mobile_basis"],["Order_Optimization","Optimizes_aspects_of_an_order_based_off_rules_and_conditions_such_as_cost,_time,_brands,_location,_etc."],["Order_Set_Generation","Generates_order_set_based_on_previous_assessments,_tests,_medications,_best_practices,_etc."],["Order_Validation","Validates_that_the_order_is_accurate_and_matches_with_the_correct_patient_as_well_as_his/her_condition,_diagnosis,_prescription,_etc._Also_ensures_that_there_are_no_duplicate_orders."],["Patient_Dietary_Recommendation","Recommends_menu_based_on_dietary_restrictions."],["Patient_Education_Recommendation","Identifies_the_most_pertinent_educational_material,_based_on_the_patient_health_status,_condition,_diagnosis,_etc."],["Patient_Equipment-Supply_Coordination","Manages_the_flow_of_supplies_and_equipment_for_the_care_of_a_specific_patient."],["Patient_Equipment_Supply_Coordination","Coordinates_supply_and_manages_medication_in_order_to_prevent_medication_errors_and_help_free_up_clinician_time."],["Patient_Immunization_Recommendation","Recommends_patient-specific_required_immunizations."],["Patient_Monitoring","Real-time_monitoring_surveillance_of_a_central_station_with_sophisticated_Clinical_Decision_Support_tools"],["Patient_Preference_Accommodation","Determines_if_all_aspects_of_care_satisfy_patient_and_family_preferences._These_preferences_may_be_related_to_treatment_plans,_diet,_etc."],["Patient_Prescription_Adjustment","Adjusts_patient_prescription_based_on_vital_signs,_condition,_etc."],["Patient_Preventive_Service_Recommendation","Presents_recommended_preventative_or_wellness_services_based_on_conditions,_systems,_clinical_test_results,_etc."],["Patient_Recognition","Validates_patient_information_given_patient_ID_or_unique_identifier."],["Patient_Record_Management","Provides_the_ability_to_track_updates_to_a_patient’s_plan_of_care_and_treatment_including_authors,_creation_date,_version_history,_references,_local_sources_and_non-local_sources_in_accordance_with_scope_of_practice,_organizational_policy,_and_jurisdictional_law."],["Patient_Referral_Recommendation","Recommends_referrals_for_patient_based_on_diagnosis_or_patient_condition."],["Patient_Result_Validation","Validates_patients_results_against_previous_health_data."],["Patient_Transportation_Coordination","Recommendation,_management_and_coordination_of_patient_transportation."],["Performance_Management_Metrics","Provides_performance_metrics_related_to_clinical_and_non_clinical_data"],["Population_Health_Recommendation","Presents_suggestions_to_the_care_provider_based_on_population_health_data,_trends,_etc."],["Population_Safety_Review","Reviews,_measures,_and_analyzes_aggregate_patient_safety_metrics_across_MHS_in_order_to_reduce_accidental_injury_due_to_medical_care/errors."],["Prescription_Compliance_Validation","Validates_that_the_prescription_complies_with_standards_and_guidelines."],["Prescription_Recommendation","Recommends_medication_and_dosages_based_on_patient_vital_signs_and_conditions."],["Process_Workflow_Generation","Automates_provider_task_creation_based_on_the_order_submitted."],["Provide_Quality_Assurance_Data_for_PACS","Provides_Heat_Exposure_Guidance_for_Personnel_working_in_either_shipboard_or_shore_environments."],["Provider_Readiness_Validation","Analysis_of_aggregate_information_done_by_a_system_to_determine_the_readiness_of_a_provider_to_deploy_(this_would_include_multiple_levels_of_analysis._Example:_provider_readiness,_MTF_readiness"],["Public_Health_Safety_Validation","Validates_environmental_health_factors_such_as_food_and_water_safety."],["QA_Analysis_of_Equipment_Operational_Parameters","Collects_data_from_thousands_of_laboratories_worldwide_and_combines_the_data_to_create_consensus_groups_for_data_comparison."],["Readiness_Validation","Analysis_of_aggregated_information_done_by_system_to_determine_the_readiness_of_an_service_member_to_deploy."],["Regulation_Compliance_Validation","Validates_compliance_with_laws,_rules,_and_regulations_such_as_HIPAA."],["Required_Skill_Recommendation","Recommend_skills_required_based_on_a_given_task."],["Requirements_Compliance_Validation","Validates_whether_or_not_a_project_is_in_compliance_with_established_requirements."],["Security_Risk_Assessment_(SRA)_Management","Assess_Risk_in_relation_to_meeting_CDC_Regulations_for_a_laboratory."],["Supply_Readiness_Validation","Validates_aggregated_information_to_determine_the_readiness_of_supplies."],["Task_Assignment_Generation","Automates_task_assignment,_including_the_coordination_of_patient_care_among_providers."],["Training_Recommendation","Recommends_training_for_providers_based_on_relevance_and_need_to_perform_ones_duties."],["Treatment_Plan_Generation","Generates_treatment_plan_based_on_order_set,_patient_conditions,_diagnosis,_preferences,_etc."],["Vendor_Filtering","Filter_vendors_based_on_predefined_criteria_such_as_required_supply,_business_stability_etc."],["Warfighter_Equipment_Recommendation","Recommend_equipment_to_warfighters_based_on_mission_or_combat_roles"]],"headers":["BLU","Description"],"rawHeaders":["BLU","DESCRIPTION"]},"headerInfo":[{"alias":"BLU","header":"BLU","type":"STRING","derived":false},{"alias":"Description","header":"Description","type":"STRING","derived":false}],"sortInfo":[],"numRows":86,"sources":[{"name":"FRAME","type":"FRAME"}],"numCollected":500,"taskOptions":{"0":{"layout":"Grid","alignment":{"label":["BLU","Description"]}}},"format":{"type":"TABLE"},"filterInfo":[],"taskId":"task1"},"operationType":["TASK_DATA"]}]}