{"insightID":"df720f75-8dd3-4347-bee7-188fa1b07f48","pixelReturn":[{"pixelExpression":"CachedPanel ( \"0\" ) ;","isMeta":false,"output":{"panelId":"0","view":"visualization","viewOptionsMap":{},"config":{},"ornaments":{},"events":{"onSingleClick":{"Unfilter":[{"query":"UnfilterFrame(<Frame>__<SelectedColumn>);","options":{},"refresh":true,"panel":""}]},"onBrush":{"Filter":[{"query":"if(IsEmpty(<SelectedValues>), UnfilterFrame(<Frame>__<SelectedColumn>), SetFrameFilter(<Frame>__<SelectedColumn>==<SelectedValues>));","options":{},"refresh":true,"panel":""}]}},"comments":{},"position":{},"filters":[],"order":[],"cbv":[]},"operationType":["CACHED_PANEL"]},{"pixelExpression":"Frame ( ) | Select ( f$ Data , f$ Description ) | Format ( type = [ 'table' ] ) | TaskOptions ( { '0' : { \"layout\" : \"Grid\" , \"alignment\" : { \"label\" : [ \"Data\" , \"Description\" ] } } } ) | Collect ( 500 ) ;","isMeta":false,"output":{"data":{"values":[["Access_Validation_Data","Data_required_to_verify_a_users_authorization_to_system_access."],["Access_Validation_Data","Data_required_to_to_verify_a_users_authorization_to_system_access."],["Account","Information_about_a_given_account_including_fund_information._An_example_would_be_a_MTFs_monetary_account."],["Allergy_Information","Information_regarding_the_patients_allergies."],["Appointment","An_assigned_date_and_time_for_a_patient_to_engage_in_health_evaluation_activities_with_a_medical_professional."],["Assemblage","Information_describing_an_assemblage_of_equipment_and_supplies._An_example_would_be_a_first_aid_kit_or_medical_tent_and_is_usually_used_in_theater_situations._Can_include_both_supplies_and_equipment."],["Asset","Information_describing_a_specific_asset_of_the_facility._This_includes_beds,_desks,_and_other_large_items_in_a_MTF._View_this_data_object_from_an_accounting/administrative_view_point."],["Benefits-Disability","Benefit_and_health_coverage_information_pertaining_to_those_who_have_specific_disabilities_and_cannot_perform_his/her_duties._This_usually_includes_additional_benefits_such_as_income,_etc."],["Benefits-Non-Health","Benefits_afforded_to_active_duty_members_such_as_mortgage_and_education_assistance."],["Benefits_Eligibility_Information","Patients_benefits_and_health_coverage_information_including_eligibility_information."],["Benefits_Enrollment_Information","Information_regarding_how_to_enroll_to_receive_benefits_in_a_given_program."],["Billing_Data","Information_regarding_a_patients_or_responsible_partys_billing_factors_including_billing_amount,_billing_address,_and_payment_terms_and_conditions."],["Budgets_and_Authorizations","Money_allocated_to_a_specific_expenditure_for_allocation_by_authorized_parties._This_could_be_the_budget_given_to_a_specific_MTF_in_a_given_year._The_budget_authorization_information_given_would_flow_into_a_MTFs_data_object_\"Account.\""],["Care_Management","Clinical_guidelines_or_clinical_standards_of_care_for_certain_conditions."],["Case_Management_Information","Data_regarding_the_collaborative_process_of_assessment,_planning,_facilitation,_care_coordination,_and_evaluation._This_also_includes_data_about_advocacy_for_options_and_services_designed_to_meet_an_individual’s_and_family’s_comprehensive_health_needs_through_communication,_available_producedures,_and_resources."],["Case_Management_Information","Data_regarding_the_collaborative_process_of_assessment,_planning,_facilitation,_care_coordination,_and_evaluation._This_also_includes_data_about_advocacy_for_options_and_services_designed_to_meet_an_individual’s_and_family’s_comprehensive_health_needs_through_communication,_available_procedures,_and_resources."],["Claim_Reference_Codes","Reference_codes_used_by_billing_departments_to_identify_the_procedure,_and_costs_associated_with_that_procedure."],["Claims_Processing_Data","Information_regarding_the_submission,_evaluation,_payment,_and_closure_of_patient_health_insurance_claims."],["Clinical_Research_Information","Information_collected_or_created_through_clinical_research."],["Compliance_&_Authorization","Standards,_protocols,_and_industry_policies._These_include_privacy_and_authorization_to_medical_health_records_and_information,_CME_requirements,_current_competency_requirements,_etc."],["Configuration_Information","Information_regarding_the_clinical/business_guidelines_and_software/hardware_versions_for_an_enterprise."],["Consent_Form","A_legally_binding_document_that_signifies_a_patient_understanding_and_acknowledging_the_risks_and_benefits_associated_with_a_given_medical_treatment,_procedure,_trial,_or_testing."],["Contract","Information_describing_all_pieces_of_data_required_for_a_contract._An_example_of_a_contract_is_an_agreement_between_a_MTF_and_a_prime_vendor_where_the_vendor_provides_a_certain_amount_of_supplies_at_a_set_price."],["Cost_Accounting_Information","Data_that_provides_management_with_information_regarding_incomes_and_expenditures._This_information_is_useful_and_relevant_to_the_internal_and_external_stakeholders_of_a_medical_facility,_and_is_used_so_that_decisions_can_be_made_to_maximize_financial_viability."],["Discharge_Summary","A_clinical_report_prepared_by_a_physician_or_other_health_professional_at_the_conclusion_of_a_hospital_stay_or_series_of_treatments._It_outlines_the_patients_chief_complaint,_the_diagnostic_findings,_the_therapy_administered,_the_patients_response_to_it_and_recommendations_on_discharge."],["Dosimetry-Measurement","Measurement_of_radiation_exposure_amount."],["Duty-Specific_Physical_Information_and_Status","Information_related_to_specialized_duty_physical_information._This_could_include,_flight_physical_status,_dive_physical_status,_jump_physical_status,_submarine_physical_status,_and_etc."],["Emergency_Department","Information_related_to_the_emergency_care_and_emergency_department._This_includes_information_regarding_emergency_rooms,_doctors,_ambulances,_level_of_care_available,_etc."],["Encounter_Information","Information_regarding_the_interaction_between_a_patient_and_a_medical_professional."],["Epidemic_Information","Information_regarding_a_widespread_occurrence_of_an_infectious_disease_at_a_particular_time."],["Equipment","Information_related_to_a_piece_of_equipment._Equipment_is_non-perishable_and_has_to_be_kept_track_of_in_a_system._Examples_include_pacemakers,_x-ray_machines,_etc."],["Equipment_Part","Information_related_to_an_equipment_part._An_equipment_part_is_a_part_or_component_that_is_used_for_large_equipment."],["Facility","Information_regarding_a_medical_treatment_facility_including_address,_contact_information,_occupancy,_accreditation,_etc."],["Facility_Management","Information_related_to_the_maintenance_of_a_given_facility."],["Food_Safety_Information_and_Intelligence","Food_safety_information_at_the_aggregate_level_from_collecting,_evaluating_and_analyzing_food_health_threats."],["Imaging-Radiology","Patient_specific_diagnostic_artifacts_such_as_x-rays,_MRIs,_and_CAT_scans."],["Industrial_Hygiene_Information","Information_regarding_conditions_at_the_workplace_that_may_result_in_injury,_illness_or_otherwise_affect_the_well_being_of_those_on_location."],["Industry_Standards","An_object_that_provides_the_category,_name_and_description_of_applicable_industry_standards."],["Insurance_Information","Information_about_the_beneficiarys_insurance."],["Labor_Productivity_Information","Metrics_that_detail_the_overall_productivity_of_the_workforce_and_what_specific_groups_or_individuals_contribute_towards_the_success_of_the_medical_facility."],["Laws_and_Regulations","Information_regarding_laws_and_regulations."],["Location","Information_describing_a_specific_location_within_the_room_in_a_MTF."],["Logistics_Order","Information_regarding_an_order_including_supplies,_equipment,_quantity,_price,_receipt,_etc."],["Logistics_Plan","A_plan_that_documents_and_provides_guidance_movement_and_flow_of_equipment_and_supply_in_support_of_specific_medical_operations_(theater_or_MTF)."],["Managed_Care_Contracting_Information","Purchased_care_information._Information_pertaining_to_financial_and_performance_requirements_of_business_relationships_between_a_managing_company,_doctors_and_medical_facilities."],["Medical_Intelligence","Intelligence_resulting_from_collection,_evaluation_and_analysis_of_medical_information_on_an_aggregate_level."],["Medication_Information","Information_dealing_with_the_preparation,_dispensing_and_proper_utilization_of_drugs._Formulary_list_and_cost."],["Military_Animal_Health_Information_and_Intelligence","Animal_health/nutrition_intelligence_on_the_aggregate_level_from_collecting,_evaluating,_and_analyzing_medical_information_from_animals"],["Military_Technology","Technology_used_by_warfighters_for_theatre"],["Nutrition_Management","Information_regarding_patient_specific_dietary_needs_including_intake_of_food_and_fluids_to_ensure_proper_patient_health_management."],["Order_Information","Information_contained_within_medical_orders,_lab_orders,_and_pharmacy_orders."],["Patient_Administration","Information_regarding_a_patients_hospital_administrative_information._This_includes_information_about_the_patients_admission,_transfers,_rooms,_nurses,_etc."],["Patient_Demographics_and_Information","Personally_identifiable_patient_demographics_information_that_allows_for_the_identification_of_a_patient._Demographic_categories_may_include:_Date_of_birth,_gender,_birth_year,_country,_address,_ethnicity,_blood_type,_contact_information,_medical_history_or_insurance_provider_data_and_CHCS_Patient_Category."],["Patient_Demographics_and_Information","Personally_identifiable_patient_demographics_information_that_allows_for_the_identification_of_a_patient._Demographic_categories_may_include:_Date_of_birth,_gender,_birth_year,_country,_address,_ethnicity,_blood_type,_contact_information,_medical_history_or_insurance_provider_data."],["Patient_Educational_Information","Reference_information_to_help_educate_patients_regarding_treatments,_drugs,_conditions,_procedures_and_prevention_techniques."],["Patient_ID","Unique_Patient_Identifier_such_as_SSN_or_EDIPI."],["Patient_Immunization","Information_regarding_the_patients_immunization_history._Examples_include_type_of_immunization,_manufacturer,_date_of_administration_and_site_of_administration."],["Patient_Implant_Information","Information_regarding_devices_implanted_into_a_patient._These_devices_may_include_but_are_not_limited_to_pacemakers,_hip_replacements_or_screws_used_to_repair_fractures."],["Patient_Notes_(Doctor-Nurse-Procedure-Dental_Exam)","Additional_notes_that_the_clinician_enters_in_an_order_or_Personal_Health_Record."],["Patient_Procedures","Information_regarding_the_course_of_action_intended_to_achieve_a_result_in_the_care_of_persons_with_health_problems._This_is_usually_present_when_a_patient_receives_a_surgery."],["Patient_Procedures","Information_regarding_the_course_of_action_intended_to_achieve_a_result_in_the_care_of_persons_with_health_problems._Elements_of_this_include_process_and/or_procedures_codes_and_documentation_associated_with_procedures._This_is_usually_present_when_a_patient_receives_a_surgery."],["Patient_Safety_Issue","Information_regarding_any_patient_specific_adverse_events._This_is_reactive_information_after_an_adverse_event_has_occurred."],["Patient_Schedule","Schedule_of_patients_procedures_and_tests."],["Patient_Test_Results","Results_from_patients_lab_and_diagnostic_tests."],["Patient_Test_Results","Results_from_patients_lab_and_diagnostic_tests,_excluding_radiology_test_results."],["Patient_Transportation_Equipment-Vehicles","Information_regarding_transportation_equipment_including_planes,_helicopters,_cars,_and_other_motor_vehicles."],["Patient_Treatment_Plan","A_schedule_of_procedures_and_appointments_designed_to_restore,_step_by_step,_a_patients_health._The_plan_contains_the_advantages,_disadvantages,_costs,_alternatives_and_sequelae_of_treatment."],["Patient_Treatment_Plan","A_schedule_of_procedures_and_appointments_designed_to_restore,_step_by_step,_a_patients_health._The_plan_contains_the_advantages,_disadvantages,_costs,_alternatives_and_sequence_of_treatment."],["Patient_Vital_Signs","Clinical_measurements_including_pulse_rate,_temperature,_respiration_rate_and_blood_pressure_that_indicate_the_state_of_a_patients_essential_body_functions."],["Personal_Health_Record","Complete_and_accurate_summary_of_an_individuals_medical_history._The_health_data_on_a_PHR_might_include_patient-reported_outcome_data,_lab_results,_data_from_devices_such_as_wireless_electronic_weighing_scales_or_data_collected_passively_from_a_smartphone."],["Physical_Resource_Availability","Utilization_and_schedule_of_physical_resources_such_as_MRI_machines_and_operating_tables."],["Population_Health","Aggregated_patient_health_information._Examples_include_infant_mortality,_summary_statistics,_age_at_death_and_health_issues_affecting_specific_demographic_populations"],["Provider_Availability","Utilization_or_schedule_of_healthcare_providers."],["Provider_CAC_Authentication_Information","The_CAC_credentials_associated_with_an_individuals_CAC_Authentication"],["Provider_Information","Information_about_the_provider._This_includes_a_providers_accreditation,_credentials_and_medical_specialization."],["Referral_Information","Information_regarding_patients_who_have_been_referred._Information_includes_identification_of_the_referring_entity,_date_of_referral,_diagnoses,_recommendations_and_any_type_of_relationship_information_between_the_provider_and_referring_entity."],["Risk_Management,_Quality_and_Utilization_Information","Risk_management_plans,_quality_assurance_standards_and_utilization_information."],["Room","Information_describing_a_room_in_the_facility."],["Salary_and_Compensation_Information","Information_about_that_staffs_salary,_compensation,_and_benefits."],["Sales_Order","Information_regarding_a_sales_order_including_supplies,_equipment,_quantity,_price,_etc."],["Staff_Data","Information_about_the_staff_in_a_MTF_on_an_aggregate_level."],["Staff_Recruitment_Information","Information_related_to_the_recruitment_of_new_staff._This_information_can_be_used_as_requirements_for_job_listings."],["Staff_Schedule","Schedule_of_staff,_tasks,_procedures,_and_availability."],["Standing_Orders","Orders_that_apply_to_a_population_or_a_group_based_on_health,_age,_lifestyle_and_occupation._(e.g._COCOM_immunization_AOR_requirements,_health_care_worker_occupationally_mandated_vaccines,_CDC-State_required_childhood_immunizations)."],["Supply","Information_descring_a_supply_item._Supply_items_are_perishable_and_disposable_medical_items_that_must_be_tracked._Includes_medical_surgical_equipment,_such_as_scalpals,_in_addition_to_bulk_pharmaceuticals_from_a_commodity_management_perspective."],["Supply","Information_descring_a_supply_item._Supply_items_are_perishable_and_disposable_medical_items._They_do_not_need_to_be_tracked._Examples_include_scapels,_bandaids,_nutrition_items,_etc."],["Survey_Data","Information_collected_through_surveys_to_assess_population_health_or_patient-provider_satisfaction."],["Third_Party_Billing","Information_regarding_billing_an_outside_insurance_company_for_care_in_an_MTF."],["Time_Management_and_Resource_Requirements","Metrics_that_detail_time_management_and_resource_requirements._These_are_metrics_used_to_measure_staff_efficiency."],["Training_Verification_Data","Staffs_training_history_and_verifications."],["Transportation_Equipment-Vehicles","Information_regarding_transportation_equipment_including_planes,_helicopters,_cars,_and_other_motor_vehicles."],["Unit_Information","Information_related_to_a_Service_Member_or_Civilians_assigned_unit._This_would_include_the_Unit_Identifcation_Code_(UIC),_unit_location_and_additional_information_regarding_higher_echelons_of_command_(i.e._Division,_Brigade,_Battalion,_Company)."],["Vendor-Partner_Information","Information_regarding_the_contractual_relationship_that_exists_between_a_MTF_or_other_military_unit_and_their_vendors_and_partners._Vendors_and_partners_can_be_sourced_for_both_material_and/or_services."],["Work_Order","An_order_to_perform_maintenance_or_repair."]],"headers":["Data","Description"],"rawHeaders":["DATA","DESCRIPTION"]},"headerInfo":[{"alias":"Data","header":"Data","type":"STRING","derived":false},{"alias":"Description","header":"Description","type":"STRING","derived":false}],"sortInfo":[],"numRows":94,"sources":[{"name":"FRAME","type":"FRAME"}],"numCollected":500,"taskOptions":{"0":{"layout":"Grid","alignment":{"label":["Data","Description"]}}},"format":{"type":"TABLE"},"filterInfo":[],"taskId":"task1"},"operationType":["TASK_DATA"]}]}