{"insightID":"dc94e803-4b4d-4398-8c88-bea884933833","pixelReturn":[{"pixelExpression":"CachedPanel ( \"0\" ) ;","isMeta":false,"output":{"panelId":"0","view":"DashboardFilter","viewOptionsMap":{"federate-view":{"app_id":"133db94b-4371-4763-bff9-edf7e5ed021b"},"visualization":{"type":"echarts"}},"config":{},"ornaments":{"dashboardFilter":{"instances":["upstreamSystem"],"viewType":"List","singleSelect":"Multi Select"}},"events":{"onSingleClick":{"Unfilter":[{"disabledVisuals":["Grid","Sunburst"],"default":true,"query":"UnfilterFrame(<SelectedColumn>);","options":{},"refresh":false,"disabled":false,"panel":""}]},"onBrush":{"Filter":[{"default":true,"query":"if(IsEmpty(<SelectedValues>), UnfilterFrame(<SelectedColumn>), SetFrameFilter(<SelectedColumn>==<SelectedValues>));","options":{},"refresh":false,"disabled":false,"panel":""}]}},"comments":{},"position":{},"filters":[],"order":[],"cbv":[]},"operationType":["CACHED_PANEL"]},{"pixelExpression":"CachedPanel ( \"1\" ) ;","isMeta":false,"output":{"panelId":"1","view":"visualization","viewOptions":"{\"type\":\"echarts\"}","viewOptionsMap":{"federate-view":{"app_id":"133db94b-4371-4763-bff9-edf7e5ed021b"},"visualization":{"type":"echarts"}},"config":{},"ornaments":{},"events":{"onSingleClick":{"Unfilter":[{"disabledVisuals":["Grid","Sunburst"],"default":true,"query":"UnfilterFrame(<SelectedColumn>);","options":{},"refresh":false,"disabled":false,"panel":""}]},"onBrush":{"Filter":[{"default":true,"query":"if(IsEmpty(<SelectedValues>), UnfilterFrame(<SelectedColumn>), SetFrameFilter(<SelectedColumn>==<SelectedValues>));","options":{},"refresh":false,"disabled":false,"panel":""}]}},"comments":{},"position":{},"filters":[],"order":[],"cbv":[]},"operationType":["CACHED_PANEL"]},{"pixelExpression":"CachedPanel ( \"2\" ) ;","isMeta":false,"output":{"panelId":"2","view":"infographic","viewOptions":"{\"html\":\"<div class=\\\"infographic-triple-output\\\"><div class=\\\"infographic-value\\\" style=\\\"font-size: 25px;\\\"><div class=\\\"infographic-value-text-above\\\">group1</div></div><div class=\\\"infographic-desc\\\" style=\\\"padding-top: 1.5%; font-size: 15px;\\\">Count Data Objects given to Downstream System</div></div><div class=\\\"infographic-triple-output\\\"><div class=\\\"infographic-value\\\" style=\\\"font-size: 25px;\\\"><div class=\\\"infographic-value-text-above\\\">group2</div></div><div class=\\\"infographic-desc\\\" style=\\\"padding-top: 1.5%; font-size: 15px;\\\">Count Downstream Systems</div></div><div class=\\\"infographic-triple-output\\\"><div class=\\\"infographic-value\\\" style=\\\"font-size: 25px;\\\"><div class=\\\"infographic-value-text-above\\\">group3</div></div><div class=\\\"infographic-desc\\\" style=\\\"padding-top: 1.5%; font-size: 15px;\\\">Count Downstream Interfaces</div></div>\",\"groups\":[{\"id\":\"group1\",\"description\":\"Count Data Objects given to Downstream System\",\"cmdType\":\"Unique Count\",\"cmd\":[{\"type\":\"Pixel\",\"components\":[\"UniqueCount(DataObject)\"],\"meta\":true},{\"type\":\"collect\",\"components\":[-1.0],\"terminal\":true}],\"descriptionPosition\":\"Below\",\"dataType\":\"\",\"selectedHeader\":\"DataObject\",\"instance\":\"\",\"label\":\"-No Label-\",\"instances\":[\"-No Instance-\"],\"dataSource\":\"Data from Frame\",\"fileName\":\"\",\"imageurl\":\"\",\"imgId\":\"\",\"decimalFormat\":2.0,\"descriptionFontSize\":15.0,\"dataFontSize\":25.0,\"format\":\"None\",\"customDataFontSize\":true,\"customDescFontSize\":true},{\"id\":\"group2\",\"description\":\"Count Downstream Systems\",\"cmdType\":\"Unique Count\",\"cmd\":[{\"type\":\"Pixel\",\"components\":[\"UniqueCount(downstreamSystem)\"],\"meta\":true},{\"type\":\"collect\",\"components\":[-1.0],\"terminal\":true}],\"descriptionPosition\":\"Below\",\"dataType\":\"\",\"selectedHeader\":\"downstreamSystem\",\"instance\":\"\",\"label\":\"-No Label-\",\"instances\":[\"-No Instance-\"],\"dataSource\":\"Data from Frame\",\"fileName\":\"\",\"imageurl\":\"\",\"imgId\":\"\",\"decimalFormat\":2.0,\"descriptionFontSize\":15.0,\"dataFontSize\":25.0,\"format\":\"None\",\"customDataFontSize\":true,\"customDescFontSize\":true},{\"id\":\"group3\",\"description\":\"Count Downstream Interfaces\",\"cmdType\":\"Unique Count\",\"cmd\":[{\"type\":\"Pixel\",\"components\":[\"UniqueCount(SystemInterface)\"],\"meta\":true},{\"type\":\"collect\",\"components\":[-1.0],\"terminal\":true}],\"descriptionPosition\":\"Below\",\"dataType\":\"\",\"selectedHeader\":\"SystemInterface\",\"instance\":\"\",\"label\":\"-No Label-\",\"instances\":[\"-No Instance-\"],\"dataSource\":\"Data from Frame\",\"fileName\":\"\",\"imageurl\":\"\",\"imgId\":\"\",\"decimalFormat\":2.0,\"descriptionFontSize\":15.0,\"dataFontSize\":25.0,\"format\":\"None\",\"customDataFontSize\":true,\"customDescFontSize\":true}]}","viewOptionsMap":{"federate-view":{"app_id":"133db94b-4371-4763-bff9-edf7e5ed021b"},"visualization":{"type":"echarts"},"infographic":{"html":"<div class=\"infographic-triple-output\"><div class=\"infographic-value\" style=\"font-size: 25px;\"><div class=\"infographic-value-text-above\">group1</div></div><div class=\"infographic-desc\" style=\"padding-top: 1.5%; font-size: 15px;\">Count Data Objects given to Downstream System</div></div><div class=\"infographic-triple-output\"><div class=\"infographic-value\" style=\"font-size: 25px;\"><div class=\"infographic-value-text-above\">group2</div></div><div class=\"infographic-desc\" style=\"padding-top: 1.5%; font-size: 15px;\">Count Downstream Systems</div></div><div class=\"infographic-triple-output\"><div class=\"infographic-value\" style=\"font-size: 25px;\"><div class=\"infographic-value-text-above\">group3</div></div><div class=\"infographic-desc\" style=\"padding-top: 1.5%; font-size: 15px;\">Count Downstream Interfaces</div></div>","groups":[{"id":"group1","description":"Count Data Objects given to Downstream System","cmdType":"Unique Count","cmd":[{"type":"Pixel","components":["UniqueCount(DataObject)"],"meta":true},{"type":"collect","components":[-1.0],"terminal":true}],"descriptionPosition":"Below","dataType":"","selectedHeader":"DataObject","instance":"","label":"-No Label-","instances":["-No Instance-"],"dataSource":"Data from Frame","fileName":"","imageurl":"","imgId":"","decimalFormat":2.0,"descriptionFontSize":15.0,"dataFontSize":25.0,"format":"None","customDataFontSize":true,"customDescFontSize":true},{"id":"group2","description":"Count Downstream Systems","cmdType":"Unique Count","cmd":[{"type":"Pixel","components":["UniqueCount(downstreamSystem)"],"meta":true},{"type":"collect","components":[-1.0],"terminal":true}],"descriptionPosition":"Below","dataType":"","selectedHeader":"downstreamSystem","instance":"","label":"-No Label-","instances":["-No Instance-"],"dataSource":"Data from Frame","fileName":"","imageurl":"","imgId":"","decimalFormat":2.0,"descriptionFontSize":15.0,"dataFontSize":25.0,"format":"None","customDataFontSize":true,"customDescFontSize":true},{"id":"group3","description":"Count Downstream Interfaces","cmdType":"Unique Count","cmd":[{"type":"Pixel","components":["UniqueCount(SystemInterface)"],"meta":true},{"type":"collect","components":[-1.0],"terminal":true}],"descriptionPosition":"Below","dataType":"","selectedHeader":"SystemInterface","instance":"","label":"-No Label-","instances":["-No Instance-"],"dataSource":"Data from Frame","fileName":"","imageurl":"","imgId":"","decimalFormat":2.0,"descriptionFontSize":15.0,"dataFontSize":25.0,"format":"None","customDataFontSize":true,"customDescFontSize":true}]}},"config":{},"ornaments":{},"events":{"onSingleClick":{"Unfilter":[{"disabledVisuals":["Grid","Sunburst"],"default":true,"query":"UnfilterFrame(<SelectedColumn>);","options":{},"refresh":false,"disabled":false,"panel":""}]},"onBrush":{"Filter":[{"default":true,"query":"if(IsEmpty(<SelectedValues>), UnfilterFrame(<SelectedColumn>), SetFrameFilter(<SelectedColumn>==<SelectedValues>));","options":{},"refresh":false,"disabled":false,"panel":""}]}},"comments":{},"position":{},"filters":[],"order":[],"cbv":[]},"operationType":["CACHED_PANEL"]},{"pixelExpression":"CachedPanel ( \"3\" ) ;","isMeta":false,"output":{"panelId":"3","view":"visualization","viewOptions":"{\"type\":\"standard\"}","viewOptionsMap":{"federate-view":{"app_id":"133db94b-4371-4763-bff9-edf7e5ed021b"},"visualization":{"type":"standard"},"infographic":{"html":"<div class=\"infographic-triple-output\"><div class=\"infographic-value\" style=\"font-size: 15px;\"><div class=\"infographic-value-text-above\">group1</div></div><div class=\"infographic-desc\" style=\"padding-top: 1.5%; font-size: 15px;\">Count Data Objects</div></div><div class=\"infographic-triple-output\"><div class=\"infographic-value\" style=\"font-size: 15px;\"><div class=\"infographic-value-text-above\">group2</div></div><div class=\"infographic-desc\" style=\"padding-top: 1.5%; font-size: 15px;\">Count Downstream Systems</div></div><div class=\"infographic-triple-output\"><div class=\"infographic-value\" style=\"font-size: 15px;\"><div class=\"infographic-value-text-above\">group3</div></div><div class=\"infographic-desc\" style=\"padding-top: 1.5%; font-size: 15px;\">Count Interfaces</div></div>","groups":[{"id":"group1","description":"Count Data Objects","cmdType":"Unique Count","cmd":[{"type":"Pixel","components":["UniqueCount(DataObject)"],"meta":true},{"type":"collect","components":[-1.0],"terminal":true}],"descriptionPosition":"Below","dataType":"","selectedHeader":"DataObject","instance":"","label":"-No Label-","instances":["-No Instance-"],"dataSource":"Data from Frame","fileName":"","imageurl":"","imgId":"","decimalFormat":2.0,"descriptionFontSize":15.0,"dataFontSize":15.0,"format":"None","customDataFontSize":true,"customDescFontSize":true},{"id":"group2","description":"Count Downstream Systems","cmdType":"Unique Count","cmd":[{"type":"Pixel","components":["UniqueCount(downstreamSystem)"],"meta":true},{"type":"collect","components":[-1.0],"terminal":true}],"descriptionPosition":"Below","dataType":"","selectedHeader":"downstreamSystem","instance":"","label":"-No Label-","instances":["-No Instance-"],"dataSource":"Data from Frame","fileName":"","imageurl":"","imgId":"","decimalFormat":2.0,"descriptionFontSize":15.0,"dataFontSize":15.0,"format":"None","customDataFontSize":true,"customDescFontSize":true},{"id":"group3","description":"Count Interfaces","cmdType":"Unique Count","cmd":[{"type":"Pixel","components":["UniqueCount(SystemInterface)"],"meta":true},{"type":"collect","components":[-1.0],"terminal":true}],"descriptionPosition":"Below","dataType":"","selectedHeader":"SystemInterface","instance":"","label":"-No Label-","instances":["-No Instance-"],"dataSource":"Data from Frame","fileName":"","imageurl":"","imgId":"","decimalFormat":2.0,"descriptionFontSize":15.0,"dataFontSize":15.0,"format":"None","customDataFontSize":true,"customDescFontSize":true}]}},"config":{},"ornaments":{},"events":{"onSingleClick":{"Unfilter":[{"disabledVisuals":["Grid","Sunburst"],"default":true,"query":"UnfilterFrame(<SelectedColumn>);","options":{},"refresh":false,"disabled":false,"panel":""}]},"onBrush":{"Filter":[{"default":true,"query":"if(IsEmpty(<SelectedValues>), UnfilterFrame(<SelectedColumn>), SetFrameFilter(<SelectedColumn>==<SelectedValues>));","options":{},"refresh":false,"disabled":false,"panel":""}]}},"comments":{},"position":{},"filters":[],"order":[],"cbv":[]},"operationType":["CACHED_PANEL"]},{"pixelExpression":"if ( ( HasDuplicates ( upstreamSystem ) ) , ( Select ( upstreamSystem , Count ( SystemInterface ) , Count ( downstreamSystem ) ) .as ( [ upstreamSystem , CountofSystemInterface , CountofdownstreamSystem ] ) | Group ( upstreamSystem ) | With ( Panel ( 0 ) ) | Format ( type = [ 'table' ] ) | TaskOptions ( { \"0\" : { \"layout\" : \"Pie\" , \"alignment\" : { \"label\" : [ \"upstreamSystem\" ] , \"value\" : [ \"CountofSystemInterface\" ] , \"heat\" : [ \"CountofdownstreamSystem\" ] , \"tooltip\" : [ ] , \"facet\" : [ ] } } } ) | Collect ( 500 ) ) , ( Select ( upstreamSystem , Count ( SystemInterface ) , Count ( downstreamSystem ) ) .as ( [ upstreamSystem , CountofSystemInterface , CountofdownstreamSystem ] ) | Group ( upstreamSystem ) | With ( Panel ( 0 ) ) | Format ( type = [ 'table' ] ) | TaskOptions ( { \"0\" : { \"layout\" : \"Pie\" , \"alignment\" : { \"label\" : [ \"upstreamSystem\" ] , \"value\" : [ \"CountofSystemInterface\" ] , \"heat\" : [ \"CountofdownstreamSystem\" ] , \"tooltip\" : [ ] , \"facet\" : [ ] } } } ) | Collect ( 500 ) ) ) ;","isMeta":false,"output":{"data":{"values":[["System_11",3,3],["System_12",1,1],["System_13",4,4],["System_14",3,3],["System_17",2,2],["System_18",1,1],["System_19",4,4],["System_2",20,20],["System_3",24,24],["System_4",142,142],["System_5",30,30]],"headers":["upstreamSystem","CountofSystemInterface","CountofdownstreamSystem"],"rawHeaders":["upstreamSystem","CountofSystemInterface","CountofdownstreamSystem"]},"headerInfo":[{"alias":"upstreamSystem","header":"upstreamSystem","type":"STRING","derived":false},{"alias":"CountofSystemInterface","header":"CountofSystemInterface","calculatedBy":"SystemInterface","groupBy":["upstreamSystem"],"math":"Count","type":"STRING","derived":true},{"alias":"CountofdownstreamSystem","header":"CountofdownstreamSystem","calculatedBy":"downstreamSystem","groupBy":["upstreamSystem"],"math":"Count","type":"NUMBER","derived":true}],"sortInfo":[],"numRows":11,"sources":[{"name":"FRAME51939","type":"FRAME"}],"numCollected":500,"taskOptions":{"0":{"layout":"Pie","alignment":{"heat":["CountofdownstreamSystem"],"tooltip":[],"label":["upstreamSystem"],"value":["CountofSystemInterface"],"facet":[]}}},"format":{"type":"TABLE"},"filterInfo":[],"taskId":"task1"},"operationType":["TASK_DATA"]},{"pixelExpression":"ifError ( ( Frame ( ) | Select ( upstreamSystem , DataObject , downstreamSystem ) .as ( [ upstreamSystem , DataObject , downstreamSystem ] ) | With ( Panel ( 1 ) ) | Format ( type = [ 'table' ] ) | TaskOptions ( { \"1\" : { \"layout\" : \"ParallelCoordinates\" , \"alignment\" : { \"dimension\" : [ \"upstreamSystem\" , \"DataObject\" , \"downstreamSystem\" ] } } } ) | Collect ( 500 ) ) , ( true ) ) ;","isMeta":false,"output":{"data":{"values":[["System_11","Appointment","System_4"],["System_11","Medication_Information","System_4"],["System_11","Patient_Demographics_and_Information","System_4"],["System_12","Patient_Demographics_and_Information","System_4"],["System_13","Equipment","System_13"],["System_13","Logistics_Order","System_13"],["System_13","Work_Order","System_13"],["System_13","Logistics_Order","System_17"],["System_14","Provider_Information","System_11"],["System_14","Provider_Information","System_19"],["System_14","Provider_Information","System_4"],["System_17","Logistics_Order","System_13"],["System_17","Supply","System_13"],["System_18","Duty-Specific_Physical_Information_and_Status","System_24"],["System_19","Care_Management","System_4"],["System_19","Facility","System_4"],["System_19","Location","System_4"],["System_19","Provider_Information","System_4"],["System_2","Allergy_Information","System_4"],["System_2","Appointment","System_4"],["System_2","Care_Management","System_4"],["System_2","Case_Management_Information","System_4"],["System_2","Claim_Reference_Codes","System_4"],["System_2","Claims_Processing_Data","System_4"],["System_2","Duty-Specific_Physical_Information_and_Status","System_4"],["System_2","Encounter_Information","System_4"],["System_2","Imaging-Radiology","System_4"],["System_2","Medication_Information","System_4"],["System_2","Nutrition_Management","System_4"],["System_2","Order_Information","System_4"],["System_2","Patient_Administration","System_4"],["System_2","Patient_Demographics_and_Information","System_4"],["System_2","Patient_ID","System_4"],["System_2","Patient_Notes_(Doctor-Nurse-Procedure-Dental_Exam)","System_4"],["System_2","Patient_Procedures","System_4"],["System_2","Patient_Treatment_Plan","System_4"],["System_2","Provider_Information","System_4"],["System_2","Referral_Information","System_4"],["System_3","Benefits_Eligibility_Information","System_4"],["System_3","Benefits_Enrollment_Information","System_4"],["System_3","Billing_Data","System_4"],["System_3","Care_Management","System_4"],["System_3","Case_Management_Information","System_4"],["System_3","Claim_Reference_Codes","System_4"],["System_3","Claims_Processing_Data","System_4"],["System_3","Compliance_&_Authorization","System_4"],["System_3","Cost_Accounting_Information","System_4"],["System_3","Discharge_Summary","System_4"],["System_3","Duty-Specific_Physical_Information_and_Status","System_4"],["System_3","Encounter_Information","System_4"],["System_3","Imaging-Radiology","System_4"],["System_3","Medication_Information","System_4"],["System_3","Order_Information","System_4"],["System_3","Patient_Administration","System_4"],["System_3","Patient_Demographics_and_Information","System_4"],["System_3","Patient_ID","System_4"],["System_3","Patient_Procedures","System_4"],["System_3","Personal_Health_Record","System_4"],["System_3","Third_Party_Billing","System_4"],["System_3","Location","System_4"],["System_3","Patient_Notes_(Doctor-Nurse-Procedure-Dental_Exam)","System_4"],["System_3","Patient_Test_Results","System_4"],["System_4","Allergy_Information","System_12"],["System_4","Appointment","System_11"],["System_4","Benefits_Eligibility_Information","System_12"],["System_4","Benefits_Enrollment_Information","System_11"],["System_4","Benefits_Enrollment_Information","System_12"],["System_4","Discharge_Summary","System_11"],["System_4","Discharge_Summary","System_12"],["System_4","Duty-Specific_Physical_Information_and_Status","System_11"],["System_4","Encounter_Information","System_11"],["System_4","Encounter_Information","System_12"],["System_4","Facility","System_12"],["System_4","Imaging-Radiology","System_11"],["System_4","Insurance_Information","System_12"],["System_4","Location","System_11"],["System_4","Location","System_12"],["System_4","Medication_Information","System_11"],["System_4","Order_Information","System_11"],["System_4","Patient_Administration","System_12"],["System_4","Patient_Demographics_and_Information","System_11"],["System_4","Patient_Demographics_and_Information","System_12"],["System_4","Patient_ID","System_11"],["System_4","Patient_ID","System_12"],["System_4","Patient_Notes_(Doctor-Nurse-Procedure-Dental_Exam)","System_11"],["System_4","Patient_Procedures","System_11"],["System_4","Patient_Procedures","System_12"],["System_4","Benefits_Enrollment_Information","System_1"],["System_4","Discharge_Summary","System_1"],["System_4","Facility","System_1"],["System_4","Insurance_Information","System_1"],["System_4","Medication_Information","System_1"],["System_4","Patient_Demographics_and_Information","System_1"],["System_4","Benefits_Eligibility_Information","System_25"],["System_4","Medication_Information","System_25"],["System_4","Order_Information","System_25"],["System_4","Patient_ID","System_25"],["System_4","Facility","System_19"],["System_4","Provider_Information","System_19"],["System_4","Benefits_Eligibility_Information","System_11"],["System_4","Facility","System_11"],["System_4","Provider_Information","System_11"],["System_4","Staff_Schedule","System_11"],["System_4","Benefits_Enrollment_Information","System_2"],["System_4","Patient_Procedures","System_2"],["System_4","Allergy_Information","System_2"],["System_4","Case_Management_Information","System_2"],["System_4","Claim_Reference_Codes","System_2"],["System_4","Claims_Processing_Data","System_2"],["System_4","Encounter_Information","System_2"],["System_4","Order_Information","System_2"],["System_4","Patient_Administration","System_2"],["System_4","Patient_Demographics_and_Information","System_2"],["System_4","Patient_Test_Results","System_2"],["System_4","Patient_Treatment_Plan","System_2"],["System_4","Benefits_Eligibility_Information","System_1"],["System_4","Location","System_1"],["System_4","Patient_Administration","System_1"],["System_4","Patient_ID","System_1"],["System_4","Patient_Procedures","System_1"],["System_4","Care_Management","System_19"],["System_4","Location","System_19"],["System_4","Appointment","System_2"],["System_4","Benefits_Eligibility_Information","System_2"],["System_4","Care_Management","System_2"],["System_4","Duty-Specific_Physical_Information_and_Status","System_2"],["System_4","Imaging-Radiology","System_2"],["System_4","Medication_Information","System_2"],["System_4","Nutrition_Management","System_2"],["System_4","Patient_ID","System_2"],["System_4","Patient_Notes_(Doctor-Nurse-Procedure-Dental_Exam)","System_2"],["System_4","Patient_Vital_Signs","System_2"],["System_4","Personal_Health_Record","System_2"],["System_4","Provider_Information","System_2"],["System_4","Referral_Information","System_2"],["System_4","Appointment","System_3"],["System_4","Benefits_Eligibility_Information","System_3"],["System_4","Benefits_Enrollment_Information","System_3"],["System_4","Billing_Data","System_3"],["System_4","Care_Management","System_3"],["System_4","Case_Management_Information","System_3"],["System_4","Claim_Reference_Codes","System_3"],["System_4","Claims_Processing_Data","System_3"],["System_4","Compliance_&_Authorization","System_3"],["System_4","Cost_Accounting_Information","System_3"],["System_4","Discharge_Summary","System_3"],["System_4","Duty-Specific_Physical_Information_and_Status","System_3"],["System_4","Encounter_Information","System_3"],["System_4","Facility","System_25"],["System_4","Facility","System_3"],["System_4","Imaging-Radiology","System_3"],["System_4","Location","System_3"],["System_4","Medication_Information","System_3"],["System_4","Order_Information","System_3"],["System_4","Patient_Administration","System_3"],["System_4","Patient_Demographics_and_Information","System_25"],["System_4","Patient_Demographics_and_Information","System_3"],["System_4","Patient_ID","System_3"],["System_4","Patient_Notes_(Doctor-Nurse-Procedure-Dental_Exam)","System_3"],["System_4","Patient_Procedures","System_3"],["System_4","Patient_Test_Results","System_3"],["System_4","Personal_Health_Record","System_3"],["System_4","Provider_Information","System_25"],["System_4","Provider_Information","System_3"],["System_4","Third_Party_Billing","System_3"],["System_4","Patient_Demographics_and_Information","System_9"],["System_4","Staff_Schedule","System_9"],["System_4","Allergy_Information","System_5"],["System_4","Benefits_Eligibility_Information","System_5"],["System_4","Care_Management","System_5"],["System_4","Case_Management_Information","System_5"],["System_4","Compliance_&_Authorization","System_5"],["System_4","Discharge_Summary","System_5"],["System_4","Emergency_Department","System_5"],["System_4","Encounter_Information","System_5"],["System_4","Equipment","System_5"],["System_4","Facility","System_5"],["System_4","Imaging-Radiology","System_5"],["System_4","Insurance_Information","System_5"],["System_4","Medication_Information","System_5"],["System_4","Nutrition_Management","System_5"],["System_4","Order_Information","System_5"],["System_4","Patient_Administration","System_5"],["System_4","Patient_Demographics_and_Information","System_5"],["System_4","Patient_Educational_Information","System_5"],["System_4","Patient_ID","System_5"],["System_4","Patient_Immunization","System_5"],["System_4","Patient_Implant_Information","System_5"],["System_4","Patient_Notes_(Doctor-Nurse-Procedure-Dental_Exam)","System_5"],["System_4","Patient_Procedures","System_5"],["System_4","Patient_Test_Results","System_5"],["System_4","Patient_Vital_Signs","System_5"],["System_4","Personal_Health_Record","System_5"],["System_4","Provider_Information","System_5"],["System_4","Work_Order","System_5"],["System_4","Appointment","System_1"],["System_4","Billing_Data","System_1"],["System_4","Claim_Reference_Codes","System_1"],["System_4","Claims_Processing_Data","System_1"],["System_4","Encounter_Information","System_1"],["System_4","Imaging-Radiology","System_1"],["System_4","Order_Information","System_1"],["System_4","Provider_Information","System_1"],["System_4","Third_Party_Billing","System_1"],["System_5","Allergy_Information","System_4"],["System_5","Appointment","System_4"],["System_5","Benefits_Eligibility_Information","System_4"],["System_5","Care_Management","System_4"],["System_5","Case_Management_Information","System_4"],["System_5","Compliance_&_Authorization","System_4"],["System_5","Discharge_Summary","System_4"],["System_5","Emergency_Department","System_4"],["System_5","Encounter_Information","System_4"],["System_5","Imaging-Radiology","System_4"],["System_5","Medication_Information","System_4"],["System_5","Nutrition_Management","System_4"],["System_5","Patient_Administration","System_4"],["System_5","Patient_Demographics_and_Information","System_4"],["System_5","Patient_Educational_Information","System_4"],["System_5","Patient_Immunization","System_4"],["System_5","Patient_Notes_(Doctor-Nurse-Procedure-Dental_Exam)","System_4"],["System_5","Patient_Vital_Signs","System_4"],["System_5","Personal_Health_Record","System_4"],["System_5","Room","System_4"],["System_5","Billing_Data","System_4"],["System_5","Facility","System_4"],["System_5","Insurance_Information","System_4"],["System_5","Order_Information","System_4"],["System_5","Patient_ID","System_4"],["System_5","Patient_Implant_Information","System_4"],["System_5","Patient_Procedures","System_4"],["System_5","Patient_Test_Results","System_4"],["System_5","Provider_Information","System_4"],["System_5","Work_Order","System_4"]],"headers":["upstreamSystem","DataObject","downstreamSystem"],"rawHeaders":["upstreamSystem","DataObject","downstreamSystem"]},"headerInfo":[{"alias":"upstreamSystem","header":"upstreamSystem","type":"STRING","derived":false},{"alias":"DataObject","header":"DataObject","type":"STRING","derived":false},{"alias":"downstreamSystem","header":"downstreamSystem","type":"STRING","derived":false}],"sortInfo":[],"numRows":234,"sources":[{"name":"FRAME51939","type":"FRAME"}],"numCollected":500,"taskOptions":{"1":{"layout":"ParallelCoordinates","alignment":{"dimension":["upstreamSystem","DataObject","downstreamSystem"]}}},"format":{"type":"TABLE"},"filterInfo":[],"taskId":"task21"},"operationType":["TASK_DATA"]},{"pixelExpression":"ifError ( ( Frame ( ) | Select ( upstreamSystem , DataObject , downstreamSystem , SystemInterface ) .as ( [ upstreamSystem , DataObject , downstreamSystem , SystemInterface ] ) | With ( Panel ( 3 ) ) | Format ( type = [ 'table' ] ) | TaskOptions ( { \"3\" : { \"layout\" : \"Grid\" , \"alignment\" : { \"label\" : [ \"upstreamSystem\" , \"DataObject\" , \"downstreamSystem\" , \"SystemInterface\" ] } } } ) | Collect ( 500 ) ) , ( true ) ) ;","isMeta":false,"output":{"data":{"values":[["System_11","Appointment","System_4","System_11%System_4%Appointment"],["System_11","Medication_Information","System_4","System_11%System_4%Medication_Information"],["System_11","Patient_Demographics_and_Information","System_4","System_11%System_4%Patient_Demographics_and_Information"],["System_12","Patient_Demographics_and_Information","System_4","System_12%System_4%Patient_Demographics_and_Information"],["System_13","Equipment","System_13","System_13%System_13%Equipment"],["System_13","Logistics_Order","System_13","System_13%System_13%Logistics_Order"],["System_13","Work_Order","System_13","System_13%System_13%Work_Order"],["System_13","Logistics_Order","System_17","System_13%System_17%Logistics_Order"],["System_14","Provider_Information","System_11","System_14%System_11%Provider_Information"],["System_14","Provider_Information","System_19","System_14%System_19%Provider_Information"],["System_14","Provider_Information","System_4","System_14%System_4%Provider_Information"],["System_17","Logistics_Order","System_13","System_17%System_13%Logistics_Order"],["System_17","Supply","System_13","System_17%System_13%Supply"],["System_18","Duty-Specific_Physical_Information_and_Status","System_24","System_18%System_24%Duty-Specific_Physical_Information_and_Status"],["System_19","Care_Management","System_4","System_19%System_4%Care_Management"],["System_19","Facility","System_4","System_19%System_4%Facility"],["System_19","Location","System_4","System_19%System_4%Location"],["System_19","Provider_Information","System_4","System_19%System_4%Provider_Information"],["System_2","Allergy_Information","System_4","System_2%System_4%Allergy_Information"],["System_2","Appointment","System_4","System_2%System_4%Appointment"],["System_2","Care_Management","System_4","System_2%System_4%Care_Management"],["System_2","Case_Management_Information","System_4","System_2%System_4%Case_Management_Information"],["System_2","Claim_Reference_Codes","System_4","System_2%System_4%Claim_Reference_Codes"],["System_2","Claims_Processing_Data","System_4","System_2%System_4%Claims_Processing_Data"],["System_2","Duty-Specific_Physical_Information_and_Status","System_4","System_2%System_4%Duty-Specific_Physical_Information_and_Status"],["System_2","Encounter_Information","System_4","System_2%System_4%Encounter_Information"],["System_2","Imaging-Radiology","System_4","System_2%System_4%Imaging-Radiology"],["System_2","Medication_Information","System_4","System_2%System_4%Medication_Information"],["System_2","Nutrition_Management","System_4","System_2%System_4%Nutrition_Management"],["System_2","Order_Information","System_4","System_2%System_4%Order_Information"],["System_2","Patient_Administration","System_4","System_2%System_4%Patient_Administration"],["System_2","Patient_Demographics_and_Information","System_4","System_2%System_4%Patient_Demographics_and_Information"],["System_2","Patient_ID","System_4","System_2%System_4%Patient_ID"],["System_2","Patient_Notes_(Doctor-Nurse-Procedure-Dental_Exam)","System_4","System_2%System_4%Patient_Notes_(Doctor-Nurse-Procedure-Dental_Exam)"],["System_2","Patient_Procedures","System_4","System_2%System_4%Patient_Procedures"],["System_2","Patient_Treatment_Plan","System_4","System_2%System_4%Patient_Treatment_Plan"],["System_2","Provider_Information","System_4","System_2%System_4%Provider_Information"],["System_2","Referral_Information","System_4","System_2%System_4%Referral_Information"],["System_3","Benefits_Eligibility_Information","System_4","System_3%System_4%Benefits_Eligibility_Information"],["System_3","Benefits_Enrollment_Information","System_4","System_3%System_4%Benefits_Enrollment_Information"],["System_3","Billing_Data","System_4","System_3%System_4%Billing_Data"],["System_3","Care_Management","System_4","System_3%System_4%Care_Management"],["System_3","Case_Management_Information","System_4","System_3%System_4%Case_Management_Information"],["System_3","Claim_Reference_Codes","System_4","System_3%System_4%Claim_Reference_Codes"],["System_3","Claims_Processing_Data","System_4","System_3%System_4%Claims_Processing_Data"],["System_3","Compliance_&_Authorization","System_4","System_3%System_4%Compliance_&_Authorization"],["System_3","Cost_Accounting_Information","System_4","System_3%System_4%Cost_Accounting_Information"],["System_3","Discharge_Summary","System_4","System_3%System_4%Discharge_Summary"],["System_3","Duty-Specific_Physical_Information_and_Status","System_4","System_3%System_4%Duty-Specific_Physical_Information_and_Status"],["System_3","Encounter_Information","System_4","System_3%System_4%Encounter_Information"],["System_3","Imaging-Radiology","System_4","System_3%System_4%Imaging-Radiology"],["System_3","Medication_Information","System_4","System_3%System_4%Medication_Information"],["System_3","Order_Information","System_4","System_3%System_4%Order_Information"],["System_3","Patient_Administration","System_4","System_3%System_4%Patient_Administration"],["System_3","Patient_Demographics_and_Information","System_4","System_3%System_4%Patient_Demographics_and_Information"],["System_3","Patient_ID","System_4","System_3%System_4%Patient_ID"],["System_3","Patient_Procedures","System_4","System_3%System_4%Patient_Procedures"],["System_3","Personal_Health_Record","System_4","System_3%System_4%Personal_Health_Record"],["System_3","Third_Party_Billing","System_4","System_3%System_4%Third_Party_Billing"],["System_3","Location","System_4","System_3%System_4%Location"],["System_3","Patient_Notes_(Doctor-Nurse-Procedure-Dental_Exam)","System_4","System_3%System_4%Patient_Notes_(Doctor-Nurse-Procedure-Dental_Exam)"],["System_3","Patient_Test_Results","System_4","System_3%System_4%Patient_Test_Results"],["System_4","Allergy_Information","System_12","System_4%System_12%Allergy_Information"],["System_4","Appointment","System_11","System_4%System_11%Appointment"],["System_4","Benefits_Eligibility_Information","System_12","System_4%System_12%Benefits_Eligibility_Information"],["System_4","Benefits_Enrollment_Information","System_11","System_4%System_11%Benefits_Enrollment_Information"],["System_4","Benefits_Enrollment_Information","System_12","System_4%System_12%Benefits_Enrollment_Information"],["System_4","Discharge_Summary","System_11","System_4%System_11%Discharge_Summary"],["System_4","Discharge_Summary","System_12","System_4%System_12%Discharge_Summary"],["System_4","Duty-Specific_Physical_Information_and_Status","System_11","System_4%System_11%Duty-Specific_Physical_Information_and_Status"],["System_4","Encounter_Information","System_11","System_4%System_11%Encounter_Information"],["System_4","Encounter_Information","System_12","System_4%System_12%Encounter_Information"],["System_4","Facility","System_12","System_4%System_12%Facility"],["System_4","Imaging-Radiology","System_11","System_4%System_11%Imaging-Radiology"],["System_4","Insurance_Information","System_12","System_4%System_12%Insurance_Information"],["System_4","Location","System_11","System_4%System_11%Location"],["System_4","Location","System_12","System_4%System_12%Location"],["System_4","Medication_Information","System_11","System_4%System_11%Medication_Information"],["System_4","Order_Information","System_11","System_4%System_11%Order_Information"],["System_4","Patient_Administration","System_12","System_4%System_12%Patient_Administration"],["System_4","Patient_Demographics_and_Information","System_11","System_4%System_11%Patient_Demographics_and_Information"],["System_4","Patient_Demographics_and_Information","System_12","System_4%System_12%Patient_Demographics_and_Information"],["System_4","Patient_ID","System_11","System_4%System_11%Patient_ID"],["System_4","Patient_ID","System_12","System_4%System_12%Patient_ID"],["System_4","Patient_Notes_(Doctor-Nurse-Procedure-Dental_Exam)","System_11","System_4%System_11%Patient_Notes_(Doctor-Nurse-Procedure-Dental_Exam)"],["System_4","Patient_Procedures","System_11","System_4%System_11%Patient_Procedures"],["System_4","Patient_Procedures","System_12","System_4%System_12%Patient_Procedures"],["System_4","Benefits_Enrollment_Information","System_1","System_4%System_1%Benefits_Enrollment_Information"],["System_4","Discharge_Summary","System_1","System_4%System_1%Discharge_Summary"],["System_4","Facility","System_1","System_4%System_1%Facility"],["System_4","Insurance_Information","System_1","System_4%System_1%Insurance_Information"],["System_4","Medication_Information","System_1","System_4%System_1%Medication_Information"],["System_4","Patient_Demographics_and_Information","System_1","System_4%System_1%Patient_Demographics_and_Information"],["System_4","Benefits_Eligibility_Information","System_25","System_4%System_25%Benefits_Eligibility_Information"],["System_4","Medication_Information","System_25","System_4%System_25%Medication_Information"],["System_4","Order_Information","System_25","System_4%System_25%Order_Information"],["System_4","Patient_ID","System_25","System_4%System_25%Patient_ID"],["System_4","Facility","System_19","System_4%System_19%Facility"],["System_4","Provider_Information","System_19","System_4%System_19%Provider_Information"],["System_4","Benefits_Eligibility_Information","System_11","System_4%System_11%Benefits_Eligibility_Information"],["System_4","Facility","System_11","System_4%System_11%Facility"],["System_4","Provider_Information","System_11","System_4%System_11%Provider_Information"],["System_4","Staff_Schedule","System_11","System_4%System_11%Staff_Schedule"],["System_4","Benefits_Enrollment_Information","System_2","System_4%System_2%Benefits_Enrollment_Information"],["System_4","Patient_Procedures","System_2","System_4%System_2%Patient_Procedures"],["System_4","Allergy_Information","System_2","System_4%System_2%Allergy_Information"],["System_4","Case_Management_Information","System_2","System_4%System_2%Case_Management_Information"],["System_4","Claim_Reference_Codes","System_2","System_4%System_2%Claim_Reference_Codes"],["System_4","Claims_Processing_Data","System_2","System_4%System_2%Claims_Processing_Data"],["System_4","Encounter_Information","System_2","System_4%System_2%Encounter_Information"],["System_4","Order_Information","System_2","System_4%System_2%Order_Information"],["System_4","Patient_Administration","System_2","System_4%System_2%Patient_Administration"],["System_4","Patient_Demographics_and_Information","System_2","System_4%System_2%Patient_Demographics_and_Information"],["System_4","Patient_Test_Results","System_2","System_4%System_2%Patient_Test_Results"],["System_4","Patient_Treatment_Plan","System_2","System_4%System_2%Patient_Treatment_Plan"],["System_4","Benefits_Eligibility_Information","System_1","System_4%System_1%Benefits_Eligibility_Information"],["System_4","Location","System_1","System_4%System_1%Location"],["System_4","Patient_Administration","System_1","System_4%System_1%Patient_Administration"],["System_4","Patient_ID","System_1","System_4%System_1%Patient_ID"],["System_4","Patient_Procedures","System_1","System_4%System_1%Patient_Procedures"],["System_4","Care_Management","System_19","System_4%System_19%Care_Management"],["System_4","Location","System_19","System_4%System_19%Location"],["System_4","Appointment","System_2","System_4%System_2%Appointment"],["System_4","Benefits_Eligibility_Information","System_2","System_4%System_2%Benefits_Eligibility_Information"],["System_4","Care_Management","System_2","System_4%System_2%Care_Management"],["System_4","Duty-Specific_Physical_Information_and_Status","System_2","System_4%System_2%Duty-Specific_Physical_Information_and_Status"],["System_4","Imaging-Radiology","System_2","System_4%System_2%Imaging-Radiology"],["System_4","Medication_Information","System_2","System_4%System_2%Medication_Information"],["System_4","Nutrition_Management","System_2","System_4%System_2%Nutrition_Management"],["System_4","Patient_ID","System_2","System_4%System_2%Patient_ID"],["System_4","Patient_Notes_(Doctor-Nurse-Procedure-Dental_Exam)","System_2","System_4%System_2%Patient_Notes_(Doctor-Nurse-Procedure-Dental_Exam)"],["System_4","Patient_Vital_Signs","System_2","System_4%System_2%Patient_Vital_Signs"],["System_4","Personal_Health_Record","System_2","System_4%System_2%Personal_Health_Record"],["System_4","Provider_Information","System_2","System_4%System_2%Provider_Information"],["System_4","Referral_Information","System_2","System_4%System_2%Referral_Information"],["System_4","Appointment","System_3","System_4%System_3%Appointment"],["System_4","Benefits_Eligibility_Information","System_3","System_4%System_3%Benefits_Eligibility_Information"],["System_4","Benefits_Enrollment_Information","System_3","System_4%System_3%Benefits_Enrollment_Information"],["System_4","Billing_Data","System_3","System_4%System_3%Billing_Data"],["System_4","Care_Management","System_3","System_4%System_3%Care_Management"],["System_4","Case_Management_Information","System_3","System_4%System_3%Case_Management_Information"],["System_4","Claim_Reference_Codes","System_3","System_4%System_3%Claim_Reference_Codes"],["System_4","Claims_Processing_Data","System_3","System_4%System_3%Claims_Processing_Data"],["System_4","Compliance_&_Authorization","System_3","System_4%System_3%Compliance_&_Authorization"],["System_4","Cost_Accounting_Information","System_3","System_4%System_3%Cost_Accounting_Information"],["System_4","Discharge_Summary","System_3","System_4%System_3%Discharge_Summary"],["System_4","Duty-Specific_Physical_Information_and_Status","System_3","System_4%System_3%Duty-Specific_Physical_Information_and_Status"],["System_4","Encounter_Information","System_3","System_4%System_3%Encounter_Information"],["System_4","Facility","System_25","System_4%System_25%Facility"],["System_4","Facility","System_3","System_4%System_3%Facility"],["System_4","Imaging-Radiology","System_3","System_4%System_3%Imaging-Radiology"],["System_4","Location","System_3","System_4%System_3%Location"],["System_4","Medication_Information","System_3","System_4%System_3%Medication_Information"],["System_4","Order_Information","System_3","System_4%System_3%Order_Information"],["System_4","Patient_Administration","System_3","System_4%System_3%Patient_Administration"],["System_4","Patient_Demographics_and_Information","System_25","System_4%System_25%Patient_Demographics_and_Information"],["System_4","Patient_Demographics_and_Information","System_3","System_4%System_3%Patient_Demographics_and_Information"],["System_4","Patient_ID","System_3","System_4%System_3%Patient_ID"],["System_4","Patient_Notes_(Doctor-Nurse-Procedure-Dental_Exam)","System_3","System_4%System_3%Patient_Notes_(Doctor-Nurse-Procedure-Dental_Exam)"],["System_4","Patient_Procedures","System_3","System_4%System_3%Patient_Procedures"],["System_4","Patient_Test_Results","System_3","System_4%System_3%Patient_Test_Results"],["System_4","Personal_Health_Record","System_3","System_4%System_3%Personal_Health_Record"],["System_4","Provider_Information","System_25","System_4%System_25%Provider_Information"],["System_4","Provider_Information","System_3","System_4%System_3%Provider_Information"],["System_4","Third_Party_Billing","System_3","System_4%System_3%Third_Party_Billing"],["System_4","Patient_Demographics_and_Information","System_9","System_4%System_9%Patient_Demographics_and_Information"],["System_4","Staff_Schedule","System_9","System_4%System_9%Staff_Schedule"],["System_4","Allergy_Information","System_5","System_4%System_5%Allergy_Information"],["System_4","Benefits_Eligibility_Information","System_5","System_4%System_5%Benefits_Eligibility_Information"],["System_4","Care_Management","System_5","System_4%System_5%Care_Management"],["System_4","Case_Management_Information","System_5","System_4%System_5%Case_Management_Information"],["System_4","Compliance_&_Authorization","System_5","System_4%System_5%Compliance_&_Authorization"],["System_4","Discharge_Summary","System_5","System_4%System_5%Discharge_Summary"],["System_4","Emergency_Department","System_5","System_4%System_5%Emergency_Department"],["System_4","Encounter_Information","System_5","System_4%System_5%Encounter_Information"],["System_4","Equipment","System_5","System_4%System_5%Equipment"],["System_4","Facility","System_5","System_4%System_5%Facility"],["System_4","Imaging-Radiology","System_5","System_4%System_5%Imaging-Radiology"],["System_4","Insurance_Information","System_5","System_4%System_5%Insurance_Information"],["System_4","Medication_Information","System_5","System_4%System_5%Medication_Information"],["System_4","Nutrition_Management","System_5","System_4%System_5%Nutrition_Management"],["System_4","Order_Information","System_5","System_4%System_5%Order_Information"],["System_4","Patient_Administration","System_5","System_4%System_5%Patient_Administration"],["System_4","Patient_Demographics_and_Information","System_5","System_4%System_5%Patient_Demographics_and_Information"],["System_4","Patient_Educational_Information","System_5","System_4%System_5%Patient_Educational_Information"],["System_4","Patient_ID","System_5","System_4%System_5%Patient_ID"],["System_4","Patient_Immunization","System_5","System_4%System_5%Patient_Immunization"],["System_4","Patient_Implant_Information","System_5","System_4%System_5%Patient_Implant_Information"],["System_4","Patient_Notes_(Doctor-Nurse-Procedure-Dental_Exam)","System_5","System_4%System_5%Patient_Notes_(Doctor-Nurse-Procedure-Dental_Exam)"],["System_4","Patient_Procedures","System_5","System_4%System_5%Patient_Procedures"],["System_4","Patient_Test_Results","System_5","System_4%System_5%Patient_Test_Results"],["System_4","Patient_Vital_Signs","System_5","System_4%System_5%Patient_Vital_Signs"],["System_4","Personal_Health_Record","System_5","System_4%System_5%Personal_Health_Record"],["System_4","Provider_Information","System_5","System_4%System_5%Provider_Information"],["System_4","Work_Order","System_5","System_4%System_5%Work_Order"],["System_4","Appointment","System_1","System_4%System_1%Appointment"],["System_4","Billing_Data","System_1","System_4%System_1%Billing_Data"],["System_4","Claim_Reference_Codes","System_1","System_4%System_1%Claim_Reference_Codes"],["System_4","Claims_Processing_Data","System_1","System_4%System_1%Claims_Processing_Data"],["System_4","Encounter_Information","System_1","System_4%System_1%Encounter_Information"],["System_4","Imaging-Radiology","System_1","System_4%System_1%Imaging-Radiology"],["System_4","Order_Information","System_1","System_4%System_1%Order_Information"],["System_4","Provider_Information","System_1","System_4%System_1%Provider_Information"],["System_4","Third_Party_Billing","System_1","System_4%System_1%Third_Party_Billing"],["System_5","Allergy_Information","System_4","System_5%System_4%Allergy_Information"],["System_5","Appointment","System_4","System_5%System_4%Appointment"],["System_5","Benefits_Eligibility_Information","System_4","System_5%System_4%Benefits_Eligibility_Information"],["System_5","Care_Management","System_4","System_5%System_4%Care_Management"],["System_5","Case_Management_Information","System_4","System_5%System_4%Case_Management_Information"],["System_5","Compliance_&_Authorization","System_4","System_5%System_4%Compliance_&_Authorization"],["System_5","Discharge_Summary","System_4","System_5%System_4%Discharge_Summary"],["System_5","Emergency_Department","System_4","System_5%System_4%Emergency_Department"],["System_5","Encounter_Information","System_4","System_5%System_4%Encounter_Information"],["System_5","Imaging-Radiology","System_4","System_5%System_4%Imaging-Radiology"],["System_5","Medication_Information","System_4","System_5%System_4%Medication_Information"],["System_5","Nutrition_Management","System_4","System_5%System_4%Nutrition_Management"],["System_5","Patient_Administration","System_4","System_5%System_4%Patient_Administration"],["System_5","Patient_Demographics_and_Information","System_4","System_5%System_4%Patient_Demographics_and_Information"],["System_5","Patient_Educational_Information","System_4","System_5%System_4%Patient_Educational_Information"],["System_5","Patient_Immunization","System_4","System_5%System_4%Patient_Immunization"],["System_5","Patient_Notes_(Doctor-Nurse-Procedure-Dental_Exam)","System_4","System_5%System_4%Patient_Notes_(Doctor-Nurse-Procedure-Dental_Exam)"],["System_5","Patient_Vital_Signs","System_4","System_5%System_4%Patient_Vital_Signs"],["System_5","Personal_Health_Record","System_4","System_5%System_4%Personal_Health_Record"],["System_5","Room","System_4","System_5%System_4%Room"],["System_5","Billing_Data","System_4","System_5%System_4%Billing_Data"],["System_5","Facility","System_4","System_5%System_4%Facility"],["System_5","Insurance_Information","System_4","System_5%System_4%Insurance_Information"],["System_5","Order_Information","System_4","System_5%System_4%Order_Information"],["System_5","Patient_ID","System_4","System_5%System_4%Patient_ID"],["System_5","Patient_Implant_Information","System_4","System_5%System_4%Patient_Implant_Information"],["System_5","Patient_Procedures","System_4","System_5%System_4%Patient_Procedures"],["System_5","Patient_Test_Results","System_4","System_5%System_4%Patient_Test_Results"],["System_5","Provider_Information","System_4","System_5%System_4%Provider_Information"],["System_5","Work_Order","System_4","System_5%System_4%Work_Order"]],"headers":["upstreamSystem","DataObject","downstreamSystem","SystemInterface"],"rawHeaders":["upstreamSystem","DataObject","downstreamSystem","SystemInterface"]},"headerInfo":[{"alias":"upstreamSystem","header":"upstreamSystem","type":"STRING","derived":false},{"alias":"DataObject","header":"DataObject","type":"STRING","derived":false},{"alias":"downstreamSystem","header":"downstreamSystem","type":"STRING","derived":false},{"alias":"SystemInterface","header":"SystemInterface","type":"STRING","derived":false}],"sortInfo":[],"numRows":234,"sources":[{"name":"FRAME51939","type":"FRAME"}],"numCollected":500,"taskOptions":{"3":{"layout":"Grid","alignment":{"label":["upstreamSystem","DataObject","downstreamSystem","SystemInterface"]}}},"format":{"type":"TABLE"},"filterInfo":[],"taskId":"task169"},"operationType":["TASK_DATA"]}]}