{"engineId":"133db94b-4371-4763-bff9-edf7e5ed021b","engineName":"TAP_Core_Data","rdbmsId":"403","varstore":{},"frames":[{"file":"@BaseFolder@\\db\\@ENGINE@\\version\\403\\FRAME44444.gz","meta":"@BaseFolder@\\db\\@ENGINE@\\version\\403\\METADATA__FRAME44444.owl","state":null,"type":"prerna.ds.rdbms.h2.H2Frame","name":"FRAME44444","keys":["FRAME44444","$CUR_FRAME_KEY"]}],"panels":[{"panelId":"0","panelLabel":null,"view":"visualization","viewOptions":null,"viewOptionsMap":{},"config":{},"ornaments":{"showMenu":true},"events":{"onSingleClick":{"Unfilter":[{"query":"UnfilterFrame(<Frame>__<SelectedColumn>);","options":{},"refresh":true,"panel":""}]},"onBrush":{"Filter":[{"query":"if(IsEmpty(<SelectedValues>), UnfilterFrame(<Frame>__<SelectedColumn>), SetFrameFilter(<Frame>__<SelectedColumn>==<SelectedValues>));","options":{},"refresh":true,"panel":""}]}},"comments":{},"position":{},"filters":[],"order":[],"cbv":[]}],"tasks":{"tasks":[{"type":"basic","task":{"taskType":"basic","id":"task1","numCollected":500,"internalOffset":0,"taskOptions":"{\"options\":{\"0\":{\"layout\":\"Grid\",\"alignment\":{\"label\":[\"System\",\"type\",\"Interface\",\"Data\",\"Format\",\"Frequency\",\"Protocol\",\"UpstreamSystem\",\"DownstreamSystem\"]}}},\"ornament\":false}","qs":{"qsType":"FRAME","frameName":"FRAME44444","isDistinct":true,"overrideImplicit":false,"limit":500,"offset":0,"relations":"[]","selectors":[{"type":"COLUMN","content":{"table":"FRAME44444","column":"System","alias":"System","tableAlias":null}},{"type":"COLUMN","content":{"table":"FRAME44444","column":"type","alias":"type","tableAlias":null}},{"type":"COLUMN","content":{"table":"FRAME44444","column":"Interface","alias":"Interface","tableAlias":null}},{"type":"COLUMN","content":{"table":"FRAME44444","column":"Data","alias":"Data","tableAlias":null}},{"type":"COLUMN","content":{"table":"FRAME44444","column":"Format","alias":"Format","tableAlias":null}},{"type":"COLUMN","content":{"table":"FRAME44444","column":"Frequency","alias":"Frequency","tableAlias":null}},{"type":"COLUMN","content":{"table":"FRAME44444","column":"Protocol","alias":"Protocol","tableAlias":null}},{"type":"COLUMN","content":{"table":"FRAME44444","column":"UpstreamSystem","alias":"UpstreamSystem","tableAlias":null}},{"type":"COLUMN","content":{"table":"FRAME44444","column":"DownstreamSystem","alias":"DownstreamSystem","tableAlias":null}}]}}}],"taskCounter":2},"recipe":["AddPanel ( 0 ) ;","Panel ( 0 ) | AddPanelEvents ( { \"onSingleClick\" : { \"Unfilter\" : [ { \"panel\" : \"\" , \"query\" : \"<encode>UnfilterFrame(<Frame>__<SelectedColumn>);</encode>\" , \"options\" : { } , \"refresh\" : true } ] } , \"onBrush\" : { \"Filter\" : [ { \"panel\" : \"\" , \"query\" : \"<encode>if(IsEmpty(<SelectedValues>), UnfilterFrame(<Frame>__<SelectedColumn>), SetFrameFilter(<Frame>__<SelectedColumn>==<SelectedValues>));</encode>\" , \"options\" : { } , \"refresh\" : true } ] } } ) ;","Panel ( 0 ) | RetrievePanelEvents ( ) ;","CreateFrame ( grid ) .as ( [ 'FRAME44444' ] ) ;","Database ( TAP_Core_Data ) | Query ( \"SELECT DISTINCT ?System ?type ?Interface ?Data ?Format ?Frequency ?Protocol (COALESCE(?UpstreamSys, ?System) AS ?UpstreamSystem) (COALESCE(?DownstreamSys, ?System) AS ?DownstreamSystem) WHERE { {?System <http://www.w3.org/1999/02/22-rdf-syntax-ns#type> <http://semoss.org/ontologies/Concept/ActiveSystem>} {?Interface <http://www.w3.org/1999/02/22-rdf-syntax-ns#type> <http://semoss.org/ontologies/Concept/SystemInterface> ;} {?carries <http://www.w3.org/2000/01/rdf-schema#subPropertyOf> <http://semoss.org/ontologies/Relation/Payload>;} {?Data <http://www.w3.org/1999/02/22-rdf-syntax-ns#type> <http://semoss.org/ontologies/Concept/DataObject>;} {?Interface ?carries ?Data;} OPTIONAL{{?Protocol <http://www.w3.org/1999/02/22-rdf-syntax-ns#type> <http://semoss.org/ontologies/Concept/DProt>;} {?Interface <http://semoss.org/ontologies/Relation/Has> ?Protocol}} OPTIONAL{{?Format <http://www.w3.org/1999/02/22-rdf-syntax-ns#type> <http://semoss.org/ontologies/Concept/DForm>;} {?Interface <http://semoss.org/ontologies/Relation/Has> ?Format}} OPTIONAL{{?Frequency <http://www.w3.org/1999/02/22-rdf-syntax-ns#type> <http://semoss.org/ontologies/Concept/DFreq>;} {?Interface <http://semoss.org/ontologies/Relation/Has> ?Frequency}} {?carries <http://www.w3.org/2000/01/rdf-schema#label> ?label} { {?DownstreamSys <http://www.w3.org/1999/02/22-rdf-syntax-ns#type> <http://semoss.org/ontologies/Concept/ActiveSystem>;} {?System <http://semoss.org/ontologies/Relation/Provide> ?Interface ;} {?Interface <http://semoss.org/ontologies/Relation/Consume> ?DownstreamSys ;} BIND('Downstream' AS ?type) } UNION { {?UpstreamSys <http://www.w3.org/1999/02/22-rdf-syntax-ns#type> <http://semoss.org/ontologies/Concept/ActiveSystem>;} {?UpstreamSys <http://semoss.org/ontologies/Relation/Provide> ?Interface ;} {?Interface <http://semoss.org/ontologies/Relation/Consume> ?System ;} BIND('Upstream' AS ?type) } }\" ) | Import ( ) ;","Panel ( 0 ) | SetPanelView ( \"visualization\" ) ;","Select ( FRAME44444__System , FRAME44444__type , FRAME44444__Interface , FRAME44444__Data , FRAME44444__Format , FRAME44444__Frequency , FRAME44444__Protocol , FRAME44444__UpstreamSystem , FRAME44444__DownstreamSystem ) .as ( [ System , type , Interface , Data , Format , Frequency , Protocol , UpstreamSystem , DownstreamSystem ] ) | With ( Panel ( 0 ) ) | Format ( type = [ 'table' ] ) | TaskOptions ( { \"0\" : { \"layout\" : \"Grid\" , \"alignment\" : { \"label\" : [ \"System\" , \"type\" , \"Interface\" , \"Data\" , \"Format\" , \"Frequency\" , \"Protocol\" , \"UpstreamSystem\" , \"DownstreamSystem\" ] } } } ) | Collect ( 500 ) ;","Panel ( 0 ) | AddPanelOrnaments ( { \"showMenu\" : true } ) ;","Panel ( 0 ) | RetrievePanelOrnaments ( \"showMenu\" ) ;"]}