{"insightID":"90348a46-da4f-4c18-9fb3-073dd4fbedec","pixelReturn":[{"pixelExpression":"CachedPanel ( \"0\" ) ;","isMeta":false,"output":{"panelId":"0","view":"visualization","viewOptionsMap":{},"config":{},"ornaments":{"showMenu":true},"events":{"onSingleClick":{"Unfilter":[{"query":"UnfilterFrame(<Frame>__<SelectedColumn>);","options":{},"refresh":true,"panel":""}]},"onBrush":{"Filter":[{"query":"if(IsEmpty(<SelectedValues>), UnfilterFrame(<Frame>__<SelectedColumn>), SetFrameFilter(<Frame>__<SelectedColumn>==<SelectedValues>));","options":{},"refresh":true,"panel":""}]}},"comments":{},"position":{},"filters":[],"order":[],"cbv":[]},"operationType":["CACHED_PANEL"]},{"pixelExpression":"Select ( FRAME44444__System , FRAME44444__type , FRAME44444__Interface , FRAME44444__Data , FRAME44444__Format , FRAME44444__Frequency , FRAME44444__Protocol , FRAME44444__UpstreamSystem , FRAME44444__DownstreamSystem ) .as ( [ System , type , Interface , Data , Format , Frequency , Protocol , UpstreamSystem , DownstreamSystem ] ) | With ( Panel ( 0 ) ) | Format ( type = [ 'table' ] ) | TaskOptions ( { \"0\" : { \"layout\" : \"Grid\" , \"alignment\" : { \"label\" : [ \"System\" , \"type\" , \"Interface\" , \"Data\" , \"Format\" , \"Frequency\" , \"Protocol\" , \"UpstreamSystem\" , \"DownstreamSystem\" ] } } } ) | Collect ( 500 ) ;","isMeta":false,"output":{"data":{"values":[["System_1","Upstream","System_4%System_1%Patient_Procedures","Patient_Procedures","CSV-ASCII-Text","Daily","SFTP","System_4","System_1"],["System_1","Upstream","System_4%System_1%Patient_ID","Patient_ID","CSV-ASCII-Text","Daily","SFTP","System_4","System_1"],["System_1","Upstream","System_4%System_1%Claims_Processing_Data","Claims_Processing_Data","CSV-ASCII-Text","Daily","SFTP","System_4","System_1"],["System_1","Upstream","System_4%System_1%Billing_Data","Billing_Data","CSV-ASCII-Text","Daily","SFTP","System_4","System_1"],["System_1","Upstream","System_4%System_1%Patient_Administration","Patient_Administration","CSV-ASCII-Text","Daily","SFTP","System_4","System_1"],["System_1","Upstream","System_4%System_1%Appointment","Appointment","CSV-ASCII-Text","Daily","SFTP","System_4","System_1"],["System_1","Upstream","System_4%System_1%Location","Location","CSV-ASCII-Text","Daily","SFTP","System_4","System_1"],["System_1","Upstream","System_4%System_1%Insurance_Information","Insurance_Information","CSV-ASCII-Text","Daily","SFTP","System_4","System_1"],["System_1","Upstream","System_4%System_1%Encounter_Information","Encounter_Information","CSV-ASCII-Text","Daily","SFTP","System_4","System_1"],["System_1","Upstream","System_4%System_1%Imaging-Radiology","Imaging-Radiology","CSV-ASCII-Text","Daily","SFTP","System_4","System_1"],["System_1","Upstream","System_4%System_1%Claim_Reference_Codes","Claim_Reference_Codes","CSV-ASCII-Text","Daily","SFTP","System_4","System_1"],["System_1","Upstream","System_4%System_1%Third_Party_Billing","Third_Party_Billing","CSV-ASCII-Text","Daily","SFTP","System_4","System_1"],["System_1","Upstream","System_4%System_1%Order_Information","Order_Information","CSV-ASCII-Text","Daily","SFTP","System_4","System_1"],["System_1","Upstream","System_4%System_1%Facility","Facility","CSV-ASCII-Text","Daily","SFTP","System_4","System_1"],["System_1","Upstream","System_4%System_1%Benefits_Enrollment_Information","Benefits_Enrollment_Information","CSV-ASCII-Text","Daily","SFTP","System_4","System_1"],["System_1","Upstream","System_4%System_1%Patient_Demographics_and_Information","Patient_Demographics_and_Information","CSV-ASCII-Text","Daily","SFTP","System_4","System_1"],["System_1","Upstream","System_4%System_1%Discharge_Summary","Discharge_Summary","CSV-ASCII-Text","Daily","SFTP","System_4","System_1"],["System_1","Upstream","System_4%System_1%Medication_Information","Medication_Information","CSV-ASCII-Text","Daily","SFTP","System_4","System_1"],["System_1","Upstream","System_4%System_1%Benefits_Eligibility_Information","Benefits_Eligibility_Information","CSV-ASCII-Text","Daily","SFTP","System_4","System_1"],["System_1","Upstream","System_4%System_1%Provider_Information","Provider_Information","CSV-ASCII-Text","Daily","SFTP","System_4","System_1"],["System_11","Upstream","System_14%System_11%Provider_Information","Provider_Information","WSDL","Daily","SOAP","System_14","System_11"],["System_11","Upstream","System_4%System_11%Benefits_Enrollment_Information","Benefits_Enrollment_Information","HL7","Real-time","MLLP","System_4","System_11"],["System_11","Upstream","System_4%System_11%Facility","Facility","HL7","Real-time","MLLP","System_4","System_11"],["System_11","Upstream","System_4%System_11%Provider_Information","Provider_Information","HL7","Real-time","MLLP","System_4","System_11"],["System_11","Upstream","System_4%System_11%Benefits_Eligibility_Information","Benefits_Eligibility_Information","HL7","Real-time","MLLP","System_4","System_11"],["System_11","Upstream","System_4%System_11%Appointment","Appointment","HL7","Real-time","MLLP","System_4","System_11"],["System_11","Upstream","System_4%System_11%Patient_ID","Patient_ID","HL7","Real-time","MLLP","System_4","System_11"],["System_11","Upstream","System_4%System_11%Imaging-Radiology","Imaging-Radiology","HL7","Real-time","MLLP","System_4","System_11"],["System_11","Upstream","System_4%System_11%Order_Information","Order_Information","HL7","Real-time","MLLP","System_4","System_11"],["System_11","Upstream","System_4%System_11%Patient_Notes_(Doctor-Nurse-Procedure-Dental_Exam)","Patient_Notes_(Doctor-Nurse-Procedure-Dental_Exam)","HL7","Real-time","MLLP","System_4","System_11"],["System_11","Downstream","System_11%System_4%Appointment","Appointment","HL7","Real-time","MLLP","System_11","System_4"],["System_11","Upstream","System_4%System_11%Staff_Schedule","Staff_Schedule","HL7","Real-time","MLLP","System_4","System_11"],["System_11","Upstream","System_4%System_11%Duty-Specific_Physical_Information_and_Status","Duty-Specific_Physical_Information_and_Status","HL7","Real-time","MLLP","System_4","System_11"],["System_11","Downstream","System_11%System_4%Medication_Information","Medication_Information","HL7","Real-time","MLLP","System_11","System_4"],["System_11","Upstream","System_4%System_11%Patient_Procedures","Patient_Procedures","HL7","Real-time","MLLP","System_4","System_11"],["System_11","Upstream","System_4%System_11%Patient_Demographics_and_Information","Patient_Demographics_and_Information","HL7","Real-time","MLLP","System_4","System_11"],["System_11","Upstream","System_4%System_11%Location","Location","HL7","Real-time","MLLP","System_4","System_11"],["System_11","Downstream","System_11%System_4%Patient_Demographics_and_Information","Patient_Demographics_and_Information","HL7","Real-time","MLLP","System_11","System_4"],["System_11","Upstream","System_4%System_11%Medication_Information","Medication_Information","HL7","Real-time","MLLP","System_4","System_11"],["System_11","Upstream","System_4%System_11%Discharge_Summary","Discharge_Summary","HL7","Real-time","MLLP","System_4","System_11"],["System_11","Upstream","System_4%System_11%Encounter_Information","Encounter_Information","HL7","Real-time","MLLP","System_4","System_11"],["System_12","Downstream","System_12%System_4%Patient_Demographics_and_Information","Patient_Demographics_and_Information","HL7","Real-time","OTHER","System_12","System_4"],["System_12","Upstream","System_4%System_12%Location","Location","HL7","Real-time","MLLP","System_4","System_12"],["System_12","Upstream","System_4%System_12%Discharge_Summary","Discharge_Summary","HL7","Real-time","MLLP","System_4","System_12"],["System_12","Upstream","System_4%System_12%Allergy_Information","Allergy_Information","HL7","Real-time","MLLP","System_4","System_12"],["System_12","Upstream","System_4%System_12%Benefits_Eligibility_Information","Benefits_Eligibility_Information","HL7","Real-time","MLLP","System_4","System_12"],["System_12","Upstream","System_4%System_12%Encounter_Information","Encounter_Information","HL7","Real-time","MLLP","System_4","System_12"],["System_12","Upstream","System_4%System_12%Patient_Procedures","Patient_Procedures","HL7","Real-time","MLLP","System_4","System_12"],["System_12","Upstream","System_4%System_12%Patient_Demographics_and_Information","Patient_Demographics_and_Information","HL7","Real-time","MLLP","System_4","System_12"],["System_12","Upstream","System_4%System_12%Benefits_Enrollment_Information","Benefits_Enrollment_Information","HL7","Real-time","MLLP","System_4","System_12"],["System_12","Upstream","System_4%System_12%Patient_Administration","Patient_Administration","HL7","Real-time","MLLP","System_4","System_12"],["System_12","Upstream","System_4%System_12%Patient_ID","Patient_ID","HL7","Real-time","MLLP","System_4","System_12"],["System_12","Upstream","System_4%System_12%Insurance_Information","Insurance_Information","HL7","Real-time","MLLP","System_4","System_12"],["System_12","Upstream","System_4%System_12%Facility","Facility","HL7","Real-time","MLLP","System_4","System_12"],["System_13","Upstream","System_17%System_13%Supply","Supply","OTHER","Real-time","HTTPS","System_17","System_13"],["System_13","Upstream","System_13%System_13%Equipment","Equipment","XML","Real-time","HTTPS","System_13","System_13"],["System_13","Upstream","System_17%System_13%Logistics_Order","Logistics_Order","OTHER","Daily","MQ","System_17","System_13"],["System_13","Upstream","System_13%System_13%Work_Order","Work_Order","XML","Real-time","HTTPS","System_13","System_13"],["System_13","Downstream","System_13%System_17%Logistics_Order","Logistics_Order","OTHER","Real-time","HTTPS","System_13","System_17"],["System_13","Downstream","System_13%System_13%Logistics_Order","Logistics_Order","OTHER","Real-time","HTTPS","System_13","System_13"],["System_13","Upstream","System_13%System_13%Logistics_Order","Logistics_Order","OTHER","Real-time","HTTPS","System_13","System_13"],["System_13","Downstream","System_13%System_13%Work_Order","Work_Order","XML","Real-time","HTTPS","System_13","System_13"],["System_13","Downstream","System_13%System_13%Equipment","Equipment","XML","Real-time","HTTPS","System_13","System_13"],["System_14","Downstream","System_14%System_11%Provider_Information","Provider_Information","WSDL","Daily","SOAP","System_14","System_11"],["System_14","Downstream","System_14%System_4%Provider_Information","Provider_Information","XML","Daily","HTTPS-SOAP","System_14","System_4"],["System_14","Downstream","System_14%System_19%Provider_Information","Provider_Information","XML","Daily","HTTPS","System_14","System_19"],["System_17","Downstream","System_17%System_13%Logistics_Order","Logistics_Order","OTHER","Daily","MQ","System_17","System_13"],["System_17","Upstream","System_13%System_17%Logistics_Order","Logistics_Order","OTHER","Real-time","HTTPS","System_13","System_17"],["System_17","Downstream","System_17%System_13%Supply","Supply","OTHER","Real-time","HTTPS","System_17","System_13"],["System_18","Downstream","System_18%System_24%Duty-Specific_Physical_Information_and_Status","Duty-Specific_Physical_Information_and_Status","OTHER","Weekly","TBD","System_18","System_24"],["System_19","Upstream","System_4%System_19%Facility","Facility","HL7","Real-time","MLLP","System_4","System_19"],["System_19","Upstream","System_4%System_19%Provider_Information","Provider_Information","HL7","Real-time","MLLP","System_4","System_19"],["System_19","Downstream","System_19%System_4%Care_Management","Care_Management","XML","Real-time","TCPIP","System_19","System_4"],["System_19","Downstream","System_19%System_4%Location","Location","XML","Real-time","TCPIP","System_19","System_4"],["System_19","Downstream","System_19%System_4%Provider_Information","Provider_Information","XML","Real-time","TCPIP","System_19","System_4"],["System_19","Upstream","System_14%System_19%Provider_Information","Provider_Information","XML","Daily","HTTPS","System_14","System_19"],["System_19","Upstream","System_4%System_19%Care_Management","Care_Management","HL7","Real-time","MLLP","System_4","System_19"],["System_19","Upstream","System_4%System_19%Location","Location","HL7","Real-time","MLLP","System_4","System_19"],["System_19","Downstream","System_19%System_4%Facility","Facility","XML","Real-time","TCPIP","System_19","System_4"],["System_2","Upstream","System_4%System_2%Provider_Information","Provider_Information","HL7","Real-time","MLLP","System_4","System_2"],["System_2","Downstream","System_2%System_4%Patient_Treatment_Plan","Patient_Treatment_Plan","HL7","Real-time","MLLP","System_2","System_4"],["System_2","Upstream","System_4%System_2%Personal_Health_Record","Personal_Health_Record","HL7","Real-time","MLLP","System_4","System_2"],["System_2","Upstream","System_4%System_2%Medication_Information","Medication_Information","HL7","Real-time","MLLP","System_4","System_2"],["System_2","Downstream","System_2%System_4%Patient_Procedures","Patient_Procedures","HL7","Real-time","MLLP","System_2","System_4"],["System_2","Downstream","System_2%System_4%Provider_Information","Provider_Information","HL7","Real-time","MLLP","System_2","System_4"],["System_2","Upstream","System_4%System_2%Appointment","Appointment","HL7","Real-time","MLLP","System_4","System_2"],["System_2","Upstream","System_4%System_2%Case_Management_Information","Case_Management_Information","HL7","Real-time","MLLP","System_4","System_2"],["System_2","Upstream","System_4%System_2%Patient_Notes_(Doctor-Nurse-Procedure-Dental_Exam)","Patient_Notes_(Doctor-Nurse-Procedure-Dental_Exam)","HL7","Real-time","MLLP","System_4","System_2"],["System_2","Upstream","System_4%System_2%Patient_ID","Patient_ID","HL7","Real-time","MLLP","System_4","System_2"],["System_2","Upstream","System_4%System_2%Patient_Administration","Patient_Administration","HL7","Real-time","MLLP","System_4","System_2"],["System_2","Upstream","System_4%System_2%Care_Management","Care_Management","HL7","Real-time","MLLP","System_4","System_2"],["System_2","Upstream","System_4%System_2%Patient_Procedures","Patient_Procedures","HL7","Real-time","MLLP","System_4","System_2"],["System_2","Upstream","System_4%System_2%Allergy_Information","Allergy_Information","HL7","Real-time","MLLP","System_4","System_2"],["System_2","Downstream","System_2%System_4%Care_Management","Care_Management","HL7","Real-time","MLLP","System_2","System_4"],["System_2","Downstream","System_2%System_4%Patient_Notes_(Doctor-Nurse-Procedure-Dental_Exam)","Patient_Notes_(Doctor-Nurse-Procedure-Dental_Exam)","HL7","Real-time","MLLP","System_2","System_4"],["System_2","Downstream","System_2%System_4%Patient_ID","Patient_ID","HL7","Real-time","MLLP","System_2","System_4"],["System_2","Upstream","System_4%System_2%Patient_Test_Results","Patient_Test_Results","HL7","Real-time","MLLP","System_4","System_2"],["System_2","Downstream","System_2%System_4%Nutrition_Management","Nutrition_Management","HL7","Real-time","MLLP","System_2","System_4"],["System_2","Downstream","System_2%System_4%Claims_Processing_Data","Claims_Processing_Data","HL7","Real-time","MLLP","System_2","System_4"],["System_2","Downstream","System_2%System_4%Referral_Information","Referral_Information","HL7","Real-time","MLLP","System_2","System_4"],["System_2","Upstream","System_4%System_2%Claim_Reference_Codes","Claim_Reference_Codes","HL7","Real-time","MLLP","System_4","System_2"],["System_2","Upstream","System_4%System_2%Duty-Specific_Physical_Information_and_Status","Duty-Specific_Physical_Information_and_Status","HL7","Real-time","MLLP","System_4","System_2"],["System_2","Upstream","System_4%System_2%Encounter_Information","Encounter_Information","HL7","Real-time","MLLP","System_4","System_2"],["System_2","Upstream","System_4%System_2%Benefits_Enrollment_Information","Benefits_Enrollment_Information","HL7","Real-time","MLLP","System_4","System_2"],["System_2","Upstream","System_4%System_2%Claims_Processing_Data","Claims_Processing_Data","HL7","Real-time","MLLP","System_4","System_2"],["System_2","Downstream","System_2%System_4%Medication_Information","Medication_Information","HL7","Real-time","MLLP","System_2","System_4"],["System_2","Downstream","System_2%System_4%Allergy_Information","Allergy_Information","HL7","Real-time","MLLP","System_2","System_4"],["System_2","Upstream","System_4%System_2%Patient_Vital_Signs","Patient_Vital_Signs","HL7","Real-time","MLLP","System_4","System_2"],["System_2","Downstream","System_2%System_4%Patient_Demographics_and_Information","Patient_Demographics_and_Information","HL7","Real-time","MLLP","System_2","System_4"],["System_2","Downstream","System_2%System_4%Imaging-Radiology","Imaging-Radiology","HL7","Real-time","MLLP","System_2","System_4"],["System_2","Downstream","System_2%System_4%Order_Information","Order_Information","HL7","Real-time","MLLP","System_2","System_4"],["System_2","Upstream","System_4%System_2%Imaging-Radiology","Imaging-Radiology","HL7","Real-time","MLLP","System_4","System_2"],["System_2","Upstream","System_4%System_2%Order_Information","Order_Information","HL7","Real-time","MLLP","System_4","System_2"],["System_2","Upstream","System_4%System_2%Benefits_Eligibility_Information","Benefits_Eligibility_Information","HL7","Real-time","MLLP","System_4","System_2"],["System_2","Upstream","System_4%System_2%Patient_Treatment_Plan","Patient_Treatment_Plan","HL7","Real-time","MLLP","System_4","System_2"],["System_2","Downstream","System_2%System_4%Case_Management_Information","Case_Management_Information","HL7","Real-time","MLLP","System_2","System_4"],["System_2","Downstream","System_2%System_4%Patient_Administration","Patient_Administration","HL7","Real-time","MLLP","System_2","System_4"],["System_2","Downstream","System_2%System_4%Appointment","Appointment","HL7","Real-time","MLLP","System_2","System_4"],["System_2","Upstream","System_4%System_2%Patient_Demographics_and_Information","Patient_Demographics_and_Information","HL7","Real-time","MLLP","System_4","System_2"],["System_2","Downstream","System_2%System_4%Encounter_Information","Encounter_Information","HL7","Real-time","MLLP","System_2","System_4"],["System_2","Downstream","System_2%System_4%Claim_Reference_Codes","Claim_Reference_Codes","HL7","Real-time","MLLP","System_2","System_4"],["System_2","Downstream","System_2%System_4%Duty-Specific_Physical_Information_and_Status","Duty-Specific_Physical_Information_and_Status","HL7","Real-time","MLLP","System_2","System_4"],["System_2","Upstream","System_4%System_2%Referral_Information","Referral_Information","HL7","Real-time","MLLP","System_4","System_2"],["System_2","Upstream","System_4%System_2%Nutrition_Management","Nutrition_Management","HL7","Real-time","MLLP","System_4","System_2"],["System_24","Upstream","System_18%System_24%Duty-Specific_Physical_Information_and_Status","Duty-Specific_Physical_Information_and_Status","OTHER","Weekly","TBD","System_18","System_24"],["System_25","Upstream","System_4%System_25%Patient_Demographics_and_Information","Patient_Demographics_and_Information","HL7","Real-time","MLLP","System_4","System_25"],["System_25","Upstream","System_4%System_25%Benefits_Eligibility_Information","Benefits_Eligibility_Information","HL7","Real-time","MLLP","System_4","System_25"],["System_25","Upstream","System_4%System_25%Medication_Information","Medication_Information","HL7","Real-time","MLLP","System_4","System_25"],["System_25","Upstream","System_4%System_25%Patient_ID","Patient_ID","HL7","Real-time","MLLP","System_4","System_25"],["System_25","Upstream","System_4%System_25%Provider_Information","Provider_Information","HL7","Real-time","MLLP","System_4","System_25"],["System_25","Upstream","System_4%System_25%Facility","Facility","HL7","Real-time","MLLP","System_4","System_25"],["System_25","Upstream","System_4%System_25%Order_Information","Order_Information","HL7","Real-time","MLLP","System_4","System_25"],["System_3","Downstream","System_3%System_4%Medication_Information","Medication_Information","HL7","Real-time","MLLP","System_3","System_4"],["System_3","Downstream","System_3%System_4%Compliance_&_Authorization","Compliance_&_Authorization","HL7","Real-time","MLLP","System_3","System_4"],["System_3","Downstream","System_3%System_4%Patient_Administration","Patient_Administration","HL7","Real-time","MLLP","System_3","System_4"],["System_3","Upstream","System_4%System_3%Care_Management","Care_Management","HL7","Real-time","MLLP","System_4","System_3"],["System_3","Downstream","System_3%System_4%Encounter_Information","Encounter_Information","HL7","Real-time","MLLP","System_3","System_4"],["System_3","Downstream","System_3%System_4%Billing_Data","Billing_Data","HL7","Real-time","MLLP","System_3","System_4"],["System_3","Downstream","System_3%System_4%Cost_Accounting_Information","Cost_Accounting_Information","HL7","Real-time","MLLP","System_3","System_4"],["System_3","Downstream","System_3%System_4%Patient_Procedures","Patient_Procedures","HL7","Real-time","MLLP","System_3","System_4"],["System_3","Upstream","System_4%System_3%Patient_ID","Patient_ID","HL7","Real-time","MLLP","System_4","System_3"],["System_3","Upstream","System_4%System_3%Claim_Reference_Codes","Claim_Reference_Codes","HL7","Real-time","MLLP","System_4","System_3"],["System_3","Downstream","System_3%System_4%Personal_Health_Record","Personal_Health_Record","HL7","Real-time","MLLP","System_3","System_4"],["System_3","Upstream","System_4%System_3%Case_Management_Information","Case_Management_Information","HL7","Real-time","MLLP","System_4","System_3"],["System_3","Downstream","System_3%System_4%Order_Information","Order_Information","HL7","Real-time","MLLP","System_3","System_4"],["System_3","Downstream","System_3%System_4%Duty-Specific_Physical_Information_and_Status","Duty-Specific_Physical_Information_and_Status","HL7","Real-time","MLLP","System_3","System_4"],["System_3","Upstream","System_4%System_3%Cost_Accounting_Information","Cost_Accounting_Information","HL7","Real-time","MLLP","System_4","System_3"],["System_3","Upstream","System_4%System_3%Location","Location","HL7","Real-time","MLLP","System_4","System_3"],["System_3","Downstream","System_3%System_4%Patient_Demographics_and_Information","Patient_Demographics_and_Information","HL7","Real-time","MLLP","System_3","System_4"],["System_3","Downstream","System_3%System_4%Imaging-Radiology","Imaging-Radiology","HL7","Real-time","MLLP","System_3","System_4"],["System_3","Upstream","System_4%System_3%Discharge_Summary","Discharge_Summary","HL7","Real-time","MLLP","System_4","System_3"],["System_3","Upstream","System_4%System_3%Third_Party_Billing","Third_Party_Billing","HL7","Real-time","MLLP","System_4","System_3"],["System_3","Downstream","System_3%System_4%Patient_ID","Patient_ID","HL7","Real-time","MLLP","System_3","System_4"],["System_3","Upstream","System_4%System_3%Billing_Data","Billing_Data","HL7","Real-time","MLLP","System_4","System_3"],["System_3","Upstream","System_4%System_3%Personal_Health_Record","Personal_Health_Record","HL7","Real-time","MLLP","System_4","System_3"],["System_3","Downstream","System_3%System_4%Case_Management_Information","Case_Management_Information","HL7","Real-time","MLLP","System_3","System_4"],["System_3","Upstream","System_4%System_3%Facility","Facility","HL7","Real-time","MLLP","System_4","System_3"],["System_3","Downstream","System_3%System_4%Discharge_Summary","Discharge_Summary","HL7","Real-time","MLLP","System_3","System_4"],["System_3","Upstream","System_4%System_3%Benefits_Enrollment_Information","Benefits_Enrollment_Information","HL7","Real-time","MLLP","System_4","System_3"],["System_3","Upstream","System_4%System_3%Patient_Procedures","Patient_Procedures","HL7","Real-time","MLLP","System_4","System_3"],["System_3","Downstream","System_3%System_4%Location","Location","HL7","Real-time","MLLP","System_3","System_4"],["System_3","Upstream","System_4%System_3%Appointment","Appointment","HL7","Real-time","MLLP","System_4","System_3"],["System_3","Downstream","System_3%System_4%Benefits_Enrollment_Information","Benefits_Enrollment_Information","HL7","Real-time","MLLP","System_3","System_4"],["System_3","Downstream","System_3%System_4%Claims_Processing_Data","Claims_Processing_Data","HL7","Real-time","MLLP","System_3","System_4"],["System_3","Downstream","System_3%System_4%Third_Party_Billing","Third_Party_Billing","HL7","Real-time","MLLP","System_3","System_4"],["System_3","Upstream","System_4%System_3%Patient_Test_Results","Patient_Test_Results","HL7","Real-time","MLLP","System_4","System_3"],["System_3","Upstream","System_4%System_3%Benefits_Eligibility_Information","Benefits_Eligibility_Information","HL7","Real-time","MLLP","System_4","System_3"],["System_3","Upstream","System_4%System_3%Patient_Notes_(Doctor-Nurse-Procedure-Dental_Exam)","Patient_Notes_(Doctor-Nurse-Procedure-Dental_Exam)","HL7","Real-time","MLLP","System_4","System_3"],["System_3","Upstream","System_4%System_3%Patient_Administration","Patient_Administration","HL7","Real-time","MLLP","System_4","System_3"],["System_3","Upstream","System_4%System_3%Imaging-Radiology","Imaging-Radiology","HL7","Real-time","MLLP","System_4","System_3"],["System_3","Upstream","System_4%System_3%Order_Information","Order_Information","HL7","Real-time","MLLP","System_4","System_3"],["System_3","Downstream","System_3%System_4%Benefits_Eligibility_Information","Benefits_Eligibility_Information","HL7","Real-time","MLLP","System_3","System_4"],["System_3","Downstream","System_3%System_4%Patient_Test_Results","Patient_Test_Results","HL7","Real-time","MLLP","System_3","System_4"],["System_3","Upstream","System_4%System_3%Duty-Specific_Physical_Information_and_Status","Duty-Specific_Physical_Information_and_Status","HL7","Real-time","MLLP","System_4","System_3"],["System_3","Upstream","System_4%System_3%Compliance_&_Authorization","Compliance_&_Authorization","HL7","Real-time","MLLP","System_4","System_3"],["System_3","Upstream","System_4%System_3%Claims_Processing_Data","Claims_Processing_Data","HL7","Real-time","MLLP","System_4","System_3"],["System_3","Upstream","System_4%System_3%Encounter_Information","Encounter_Information","HL7","Real-time","MLLP","System_4","System_3"],["System_3","Downstream","System_3%System_4%Patient_Notes_(Doctor-Nurse-Procedure-Dental_Exam)","Patient_Notes_(Doctor-Nurse-Procedure-Dental_Exam)","HL7","Real-time","MLLP","System_3","System_4"],["System_3","Upstream","System_4%System_3%Medication_Information","Medication_Information","HL7","Real-time","MLLP","System_4","System_3"],["System_3","Upstream","System_4%System_3%Provider_Information","Provider_Information","HL7","Real-time","MLLP","System_4","System_3"],["System_3","Upstream","System_4%System_3%Patient_Demographics_and_Information","Patient_Demographics_and_Information","HL7","Real-time","MLLP","System_4","System_3"],["System_3","Downstream","System_3%System_4%Claim_Reference_Codes","Claim_Reference_Codes","HL7","Real-time","MLLP","System_3","System_4"],["System_3","Downstream","System_3%System_4%Care_Management","Care_Management","HL7","Real-time","MLLP","System_3","System_4"],["System_4","Downstream","System_4%System_5%Work_Order","Work_Order","HL7","Real-time","MLLP","System_4","System_5"],["System_4","Downstream","System_4%System_11%Staff_Schedule","Staff_Schedule","HL7","Real-time","MLLP","System_4","System_11"],["System_4","Downstream","System_4%System_5%Nutrition_Management","Nutrition_Management","HL7","Real-time","MLLP","System_4","System_5"],["System_4","Downstream","System_4%System_2%Personal_Health_Record","Personal_Health_Record","HL7","Real-time","MLLP","System_4","System_2"],["System_4","Downstream","System_4%System_3%Case_Management_Information","Case_Management_Information","HL7","Real-time","MLLP","System_4","System_3"],["System_4","Upstream","System_5%System_4%Compliance_&_Authorization","Compliance_&_Authorization","HL7","Real-time","MLLP","System_5","System_4"],["System_4","Upstream","System_5%System_4%Case_Management_Information","Case_Management_Information","HL7","Real-time","MLLP","System_5","System_4"],["System_4","Downstream","System_4%System_9%Staff_Schedule","Staff_Schedule","ASCII-TEXT","Daily","SFTP","System_4","System_9"],["System_4","Downstream","System_4%System_5%Equipment","Equipment","HL7","Real-time","MLLP","System_4","System_5"],["System_4","Downstream","System_4%System_5%Benefits_Eligibility_Information","Benefits_Eligibility_Information","HL7","Real-time","MLLP","System_4","System_5"],["System_4","Downstream","System_4%System_1%Insurance_Information","Insurance_Information","CSV-ASCII-Text","Daily","SFTP","System_4","System_1"],["System_4","Downstream","System_4%System_1%Patient_Procedures","Patient_Procedures","CSV-ASCII-Text","Daily","SFTP","System_4","System_1"],["System_4","Upstream","System_5%System_4%Patient_Notes_(Doctor-Nurse-Procedure-Dental_Exam)","Patient_Notes_(Doctor-Nurse-Procedure-Dental_Exam)","HL7","Real-time","MLLP","System_5","System_4"],["System_4","Downstream","System_4%System_1%Claims_Processing_Data","Claims_Processing_Data","CSV-ASCII-Text","Daily","SFTP","System_4","System_1"],["System_4","Downstream","System_4%System_1%Imaging-Radiology","Imaging-Radiology","CSV-ASCII-Text","Daily","SFTP","System_4","System_1"],["System_4","Upstream","System_5%System_4%Patient_Test_Results","Patient_Test_Results","HL7","Real-time","MLLP","System_5","System_4"],["System_4","Upstream","System_5%System_4%Benefits_Eligibility_Information","Benefits_Eligibility_Information","HL7","Real-time","MLLP","System_5","System_4"],["System_4","Downstream","System_4%System_1%Order_Information","Order_Information","CSV-ASCII-Text","Daily","SFTP","System_4","System_1"],["System_4","Downstream","System_4%System_3%Personal_Health_Record","Personal_Health_Record","HL7","Real-time","MLLP","System_4","System_3"],["System_4","Downstream","System_4%System_3%Facility","Facility","HL7","Real-time","MLLP","System_4","System_3"],["System_4","Downstream","System_4%System_11%Duty-Specific_Physical_Information_and_Status","Duty-Specific_Physical_Information_and_Status","HL7","Real-time","MLLP","System_4","System_11"],["System_4","Upstream","System_3%System_4%Patient_Notes_(Doctor-Nurse-Procedure-Dental_Exam)","Patient_Notes_(Doctor-Nurse-Procedure-Dental_Exam)","HL7","Real-time","MLLP","System_3","System_4"],["System_4","Upstream","System_2%System_4%Referral_Information","Referral_Information","HL7","Real-time","MLLP","System_2","System_4"],["System_4","Upstream","System_2%System_4%Allergy_Information","Allergy_Information","HL7","Real-time","MLLP","System_2","System_4"],["System_4","Upstream","System_3%System_4%Claim_Reference_Codes","Claim_Reference_Codes","HL7","Real-time","MLLP","System_3","System_4"],["System_4","Upstream","System_2%System_4%Patient_Demographics_and_Information","Patient_Demographics_and_Information","HL7","Real-time","MLLP","System_2","System_4"],["System_4","Downstream","System_4%System_19%Location","Location","HL7","Real-time","MLLP","System_4","System_19"],["System_4","Downstream","System_4%System_12%Patient_Procedures","Patient_Procedures","HL7","Real-time","MLLP","System_4","System_12"],["System_4","Downstream","System_4%System_2%Patient_Administration","Patient_Administration","HL7","Real-time","MLLP","System_4","System_2"],["System_4","Downstream","System_4%System_5%Discharge_Summary","Discharge_Summary","HL7","Real-time","MLLP","System_4","System_5"],["System_4","Upstream","System_19%System_4%Provider_Information","Provider_Information","XML","Real-time","TCPIP","System_19","System_4"],["System_4","Downstream","System_4%System_1%Billing_Data","Billing_Data","CSV-ASCII-Text","Daily","SFTP","System_4","System_1"],["System_4","Upstream","System_2%System_4%Claims_Processing_Data","Claims_Processing_Data","HL7","Real-time","MLLP","System_2","System_4"],["System_4","Upstream","System_2%System_4%Nutrition_Management","Nutrition_Management","HL7","Real-time","MLLP","System_2","System_4"],["System_4","Downstream","System_4%System_5%Case_Management_Information","Case_Management_Information","HL7","Real-time","MLLP","System_4","System_5"],["System_4","Upstream","System_3%System_4%Benefits_Eligibility_Information","Benefits_Eligibility_Information","HL7","Real-time","MLLP","System_3","System_4"],["System_4","Upstream","System_5%System_4%Patient_Educational_Information","Patient_Educational_Information","HL7","Real-time","MLLP","System_5","System_4"],["System_4","Downstream","System_4%System_3%Patient_Procedures","Patient_Procedures","HL7","Real-time","MLLP","System_4","System_3"],["System_4","Upstream","System_2%System_4%Case_Management_Information","Case_Management_Information","HL7","Real-time","MLLP","System_2","System_4"],["System_4","Downstream","System_4%System_1%Patient_ID","Patient_ID","CSV-ASCII-Text","Daily","SFTP","System_4","System_1"],["System_4","Upstream","System_2%System_4%Appointment","Appointment","HL7","Real-time","MLLP","System_2","System_4"],["System_4","Upstream","System_3%System_4%Claims_Processing_Data","Claims_Processing_Data","HL7","Real-time","MLLP","System_3","System_4"],["System_4","Upstream","System_5%System_4%Billing_Data","Billing_Data","HL7","Real-time","MLLP","System_5","System_4"],["System_4","Downstream","System_4%System_5%Facility","Facility","HL7","Real-time","MLLP","System_4","System_5"],["System_4","Downstream","System_4%System_2%Provider_Information","Provider_Information","HL7","Real-time","MLLP","System_4","System_2"],["System_4","Downstream","System_4%System_5%Patient_Vital_Signs","Patient_Vital_Signs","HL7","Real-time","MLLP","System_4","System_5"],["System_4","Downstream","System_4%System_5%Insurance_Information","Insurance_Information","HL7","Real-time","MLLP","System_4","System_5"],["System_4","Downstream","System_4%System_12%Benefits_Eligibility_Information","Benefits_Eligibility_Information","HL7","Real-time","MLLP","System_4","System_12"],["System_4","Downstream","System_4%System_3%Patient_Administration","Patient_Administration","HL7","Real-time","MLLP","System_4","System_3"],["System_4","Downstream","System_4%System_3%Order_Information","Order_Information","HL7","Real-time","MLLP","System_4","System_3"],["System_4","Downstream","System_4%System_3%Imaging-Radiology","Imaging-Radiology","HL7","Real-time","MLLP","System_4","System_3"],["System_4","Downstream","System_4%System_12%Allergy_Information","Allergy_Information","HL7","Real-time","MLLP","System_4","System_12"],["System_4","Downstream","System_4%System_11%Order_Information","Order_Information","HL7","Real-time","MLLP","System_4","System_11"],["System_4","Downstream","System_4%System_11%Imaging-Radiology","Imaging-Radiology","HL7","Real-time","MLLP","System_4","System_11"],["System_4","Upstream","System_5%System_4%Order_Information","Order_Information","HL7","Real-time","MLLP","System_5","System_4"],["System_4","Upstream","System_5%System_4%Imaging-Radiology","Imaging-Radiology","HL7","Real-time","MLLP","System_5","System_4"],["System_4","Downstream","System_4%System_11%Patient_Notes_(Doctor-Nurse-Procedure-Dental_Exam)","Patient_Notes_(Doctor-Nurse-Procedure-Dental_Exam)","HL7","Real-time","MLLP","System_4","System_11"],["System_4","Downstream","System_4%System_11%Patient_ID","Patient_ID","HL7","Real-time","MLLP","System_4","System_11"],["System_4","Downstream","System_4%System_2%Medication_Information","Medication_Information","HL7","Real-time","MLLP","System_4","System_2"],["System_4","Downstream","System_4%System_3%Encounter_Information","Encounter_Information","HL7","Real-time","MLLP","System_4","System_3"],["System_4","Upstream","System_5%System_4%Encounter_Information","Encounter_Information","HL7","Real-time","MLLP","System_5","System_4"],["System_4","Downstream","System_4%System_5%Personal_Health_Record","Personal_Health_Record","HL7","Real-time","MLLP","System_4","System_5"],["System_4","Downstream","System_4%System_2%Patient_Notes_(Doctor-Nurse-Procedure-Dental_Exam)","Patient_Notes_(Doctor-Nurse-Procedure-Dental_Exam)","HL7","Real-time","MLLP","System_4","System_2"],["System_4","Downstream","System_4%System_2%Patient_ID","Patient_ID","HL7","Real-time","MLLP","System_4","System_2"],["System_4","Downstream","System_4%System_2%Care_Management","Care_Management","HL7","Real-time","MLLP","System_4","System_2"],["System_4","Upstream","System_2%System_4%Duty-Specific_Physical_Information_and_Status","Duty-Specific_Physical_Information_and_Status","HL7","Real-time","MLLP","System_2","System_4"],["System_4","Downstream","System_4%System_3%Patient_Demographics_and_Information","Patient_Demographics_and_Information","HL7","Real-time","MLLP","System_4","System_3"],["System_4","Upstream","System_2%System_4%Claim_Reference_Codes","Claim_Reference_Codes","HL7","Real-time","MLLP","System_2","System_4"],["System_4","Downstream","System_4%System_1%Benefits_Eligibility_Information","Benefits_Eligibility_Information","CSV-ASCII-Text","Daily","SFTP","System_4","System_1"],["System_4","Upstream","System_5%System_4%Nutrition_Management","Nutrition_Management","HL7","Real-time","MLLP","System_5","System_4"],["System_4","Downstream","System_4%System_11%Facility","Facility","HL7","Real-time","MLLP","System_4","System_11"],["System_4","Downstream","System_4%System_3%Provider_Information","Provider_Information","HL7","Real-time","MLLP","System_4","System_3"],["System_4","Downstream","System_4%System_5%Care_Management","Care_Management","HL7","Real-time","MLLP","System_4","System_5"],["System_4","Downstream","System_4%System_3%Medication_Information","Medication_Information","HL7","Real-time","MLLP","System_4","System_3"],["System_4","Upstream","System_2%System_4%Patient_Administration","Patient_Administration","HL7","Real-time","MLLP","System_2","System_4"],["System_4","Downstream","System_4%System_5%Allergy_Information","Allergy_Information","HL7","Real-time","MLLP","System_4","System_5"],["System_4","Upstream","System_5%System_4%Room","Room","HL7","Real-time","MLLP","System_5","System_4"],["System_4","Upstream","System_19%System_4%Care_Management","Care_Management","XML","Real-time","TCPIP","System_19","System_4"],["System_4","Upstream","System_5%System_4%Patient_ID","Patient_ID","HL7","Real-time","MLLP","System_5","System_4"],["System_4","Downstream","System_4%System_1%Claim_Reference_Codes","Claim_Reference_Codes","CSV-ASCII-Text","Daily","SFTP","System_4","System_1"],["System_4","Downstream","System_4%System_9%Patient_Demographics_and_Information","Patient_Demographics_and_Information","ASCII-TEXT","Daily","SFTP","System_4","System_9"],["System_4","Downstream","System_4%System_2%Patient_Test_Results","Patient_Test_Results","HL7","Real-time","MLLP","System_4","System_2"],["System_4","Upstream","System_3%System_4%Imaging-Radiology","Imaging-Radiology","HL7","Real-time","MLLP","System_3","System_4"],["System_4","Upstream","System_3%System_4%Duty-Specific_Physical_Information_and_Status","Duty-Specific_Physical_Information_and_Status","HL7","Real-time","MLLP","System_3","System_4"],["System_4","Upstream","System_19%System_4%Location","Location","XML","Real-time","TCPIP","System_19","System_4"],["System_4","Downstream","System_4%System_1%Patient_Demographics_and_Information","Patient_Demographics_and_Information","CSV-ASCII-Text","Daily","SFTP","System_4","System_1"],["System_4","Downstream","System_4%System_25%Medication_Information","Medication_Information","HL7","Real-time","MLLP","System_4","System_25"],["System_4","Upstream","System_3%System_4%Order_Information","Order_Information","HL7","Real-time","MLLP","System_3","System_4"],["System_4","Downstream","System_4%System_1%Third_Party_Billing","Third_Party_Billing","CSV-ASCII-Text","Daily","SFTP","System_4","System_1"],["System_4","Downstream","System_4%System_2%Encounter_Information","Encounter_Information","HL7","Real-time","MLLP","System_4","System_2"],["System_4","Downstream","System_4%System_2%Benefits_Enrollment_Information","Benefits_Enrollment_Information","HL7","Real-time","MLLP","System_4","System_2"],["System_4","Downstream","System_4%System_11%Benefits_Enrollment_Information","Benefits_Enrollment_Information","HL7","Real-time","MLLP","System_4","System_11"],["System_4","Downstream","System_4%System_1%Provider_Information","Provider_Information","CSV-ASCII-Text","Daily","SFTP","System_4","System_1"],["System_4","Downstream","System_4%System_1%Patient_Administration","Patient_Administration","CSV-ASCII-Text","Daily","SFTP","System_4","System_1"],["System_4","Downstream","System_4%System_5%Patient_Administration","Patient_Administration","HL7","Real-time","MLLP","System_4","System_5"],["System_4","Upstream","System_3%System_4%Personal_Health_Record","Personal_Health_Record","HL7","Real-time","MLLP","System_3","System_4"],["System_4","Downstream","System_4%System_12%Location","Location","HL7","Real-time","MLLP","System_4","System_12"],["System_4","Downstream","System_4%System_11%Provider_Information","Provider_Information","HL7","Real-time","MLLP","System_4","System_11"],["System_4","Downstream","System_4%System_2%Patient_Procedures","Patient_Procedures","HL7","Real-time","MLLP","System_4","System_2"],["System_4","Downstream","System_4%System_5%Patient_Notes_(Doctor-Nurse-Procedure-Dental_Exam)","Patient_Notes_(Doctor-Nurse-Procedure-Dental_Exam)","HL7","Real-time","MLLP","System_4","System_5"],["System_4","Upstream","System_5%System_4%Medication_Information","Medication_Information","HL7","Real-time","MLLP","System_5","System_4"],["System_4","Upstream","System_5%System_4%Provider_Information","Provider_Information","HL7","Real-time","MLLP","System_5","System_4"],["System_4","Downstream","System_4%System_2%Allergy_Information","Allergy_Information","HL7","Real-time","MLLP","System_4","System_2"],["System_4","Downstream","System_4%System_11%Patient_Procedures","Patient_Procedures","HL7","Real-time","MLLP","System_4","System_11"],["System_4","Downstream","System_4%System_3%Claims_Processing_Data","Claims_Processing_Data","HL7","Real-time","MLLP","System_4","System_3"],["System_4","Upstream","System_5%System_4%Patient_Implant_Information","Patient_Implant_Information","HL7","Real-time","MLLP","System_5","System_4"],["System_4","Upstream","System_3%System_4%Patient_Test_Results","Patient_Test_Results","HL7","Real-time","MLLP","System_3","System_4"],["System_4","Upstream","System_5%System_4%Patient_Demographics_and_Information","Patient_Demographics_and_Information","HL7","Real-time","MLLP","System_5","System_4"],["System_4","Upstream","System_3%System_4%Third_Party_Billing","Third_Party_Billing","HL7","Real-time","MLLP","System_3","System_4"],["System_4","Upstream","System_2%System_4%Patient_Treatment_Plan","Patient_Treatment_Plan","HL7","Real-time","MLLP","System_2","System_4"],["System_4","Downstream","System_4%System_25%Facility","Facility","HL7","Real-time","MLLP","System_4","System_25"],["System_4","Upstream","System_12%System_4%Patient_Demographics_and_Information","Patient_Demographics_and_Information","HL7","Real-time","OTHER","System_12","System_4"],["System_4","Downstream","System_4%System_11%Patient_Demographics_and_Information","Patient_Demographics_and_Information","HL7","Real-time","MLLP","System_4","System_11"],["System_4","Downstream","System_4%System_25%Provider_Information","Provider_Information","HL7","Real-time","MLLP","System_4","System_25"],["System_4","Downstream","System_4%System_1%Encounter_Information","Encounter_Information","CSV-ASCII-Text","Daily","SFTP","System_4","System_1"],["System_4","Upstream","System_5%System_4%Patient_Immunization","Patient_Immunization","HL7","Real-time","MLLP","System_5","System_4"],["System_4","Downstream","System_4%System_11%Location","Location","HL7","Real-time","MLLP","System_4","System_11"],["System_4","Downstream","System_4%System_2%Claim_Reference_Codes","Claim_Reference_Codes","HL7","Real-time","MLLP","System_4","System_2"],["System_4","Downstream","System_4%System_2%Duty-Specific_Physical_Information_and_Status","Duty-Specific_Physical_Information_and_Status","HL7","Real-time","MLLP","System_4","System_2"],["System_4","Downstream","System_4%System_12%Facility","Facility","HL7","Real-time","MLLP","System_4","System_12"],["System_4","Downstream","System_4%System_25%Patient_Demographics_and_Information","Patient_Demographics_and_Information","HL7","Real-time","MLLP","System_4","System_25"],["System_4","Upstream","System_3%System_4%Location","Location","HL7","Real-time","MLLP","System_3","System_4"],["System_4","Upstream","System_2%System_4%Encounter_Information","Encounter_Information","HL7","Real-time","MLLP","System_2","System_4"],["System_4","Upstream","System_11%System_4%Appointment","Appointment","HL7","Real-time","MLLP","System_11","System_4"],["System_4","Downstream","System_4%System_5%Patient_Implant_Information","Patient_Implant_Information","HL7","Real-time","MLLP","System_4","System_5"],["System_4","Downstream","System_4%System_2%Claims_Processing_Data","Claims_Processing_Data","HL7","Real-time","MLLP","System_4","System_2"],["System_4","Downstream","System_4%System_5%Patient_Test_Results","Patient_Test_Results","HL7","Real-time","MLLP","System_4","System_5"],["System_4","Upstream","System_5%System_4%Patient_Administration","Patient_Administration","HL7","Real-time","MLLP","System_5","System_4"],["System_4","Upstream","System_3%System_4%Discharge_Summary","Discharge_Summary","HL7","Real-time","MLLP","System_3","System_4"],["System_4","Upstream","System_3%System_4%Case_Management_Information","Case_Management_Information","HL7","Real-time","MLLP","System_3","System_4"],["System_4","Upstream","System_19%System_4%Facility","Facility","XML","Real-time","TCPIP","System_19","System_4"],["System_4","Downstream","System_4%System_2%Patient_Vital_Signs","Patient_Vital_Signs","HL7","Real-time","MLLP","System_4","System_2"],["System_4","Downstream","System_4%System_25%Benefits_Eligibility_Information","Benefits_Eligibility_Information","HL7","Real-time","MLLP","System_4","System_25"],["System_4","Upstream","System_3%System_4%Patient_ID","Patient_ID","HL7","Real-time","MLLP","System_3","System_4"],["System_4","Downstream","System_4%System_19%Care_Management","Care_Management","HL7","Real-time","MLLP","System_4","System_19"],["System_4","Upstream","System_5%System_4%Care_Management","Care_Management","HL7","Real-time","MLLP","System_5","System_4"],["System_4","Downstream","System_4%System_3%Patient_ID","Patient_ID","HL7","Real-time","MLLP","System_4","System_3"],["System_4","Upstream","System_5%System_4%Allergy_Information","Allergy_Information","HL7","Real-time","MLLP","System_5","System_4"],["System_4","Upstream","System_5%System_4%Patient_Procedures","Patient_Procedures","HL7","Real-time","MLLP","System_5","System_4"],["System_4","Downstream","System_4%System_3%Care_Management","Care_Management","HL7","Real-time","MLLP","System_4","System_3"],["System_4","Downstream","System_4%System_12%Insurance_Information","Insurance_Information","HL7","Real-time","MLLP","System_4","System_12"],["System_4","Upstream","System_14%System_4%Provider_Information","Provider_Information","XML","Daily","HTTPS-SOAP","System_14","System_4"],["System_4","Downstream","System_4%System_3%Claim_Reference_Codes","Claim_Reference_Codes","HL7","Real-time","MLLP","System_4","System_3"],["System_4","Downstream","System_4%System_2%Benefits_Eligibility_Information","Benefits_Eligibility_Information","HL7","Real-time","MLLP","System_4","System_2"],["System_4","Downstream","System_4%System_11%Medication_Information","Medication_Information","HL7","Real-time","MLLP","System_4","System_11"],["System_4","Downstream","System_4%System_12%Patient_ID","Patient_ID","HL7","Real-time","MLLP","System_4","System_12"],["System_4","Downstream","System_4%System_5%Imaging-Radiology","Imaging-Radiology","HL7","Real-time","MLLP","System_4","System_5"],["System_4","Downstream","System_4%System_5%Emergency_Department","Emergency_Department","HL7","Real-time","MLLP","System_4","System_5"],["System_4","Upstream","System_3%System_4%Patient_Demographics_and_Information","Patient_Demographics_and_Information","HL7","Real-time","MLLP","System_3","System_4"],["System_4","Upstream","System_5%System_4%Facility","Facility","HL7","Real-time","MLLP","System_5","System_4"],["System_4","Upstream","System_5%System_4%Personal_Health_Record","Personal_Health_Record","HL7","Real-time","MLLP","System_5","System_4"],["System_4","Downstream","System_4%System_5%Order_Information","Order_Information","HL7","Real-time","MLLP","System_4","System_5"],["System_4","Downstream","System_4%System_2%Case_Management_Information","Case_Management_Information","HL7","Real-time","MLLP","System_4","System_2"],["System_4","Downstream","System_4%System_2%Appointment","Appointment","HL7","Real-time","MLLP","System_4","System_2"],["System_4","Downstream","System_4%System_3%Cost_Accounting_Information","Cost_Accounting_Information","HL7","Real-time","MLLP","System_4","System_3"],["System_4","Downstream","System_4%System_5%Patient_ID","Patient_ID","HL7","Real-time","MLLP","System_4","System_5"],["System_4","Downstream","System_4%System_12%Patient_Administration","Patient_Administration","HL7","Real-time","MLLP","System_4","System_12"],["System_4","Upstream","System_5%System_4%Discharge_Summary","Discharge_Summary","HL7","Real-time","MLLP","System_5","System_4"],["System_4","Upstream","System_3%System_4%Patient_Procedures","Patient_Procedures","HL7","Real-time","MLLP","System_3","System_4"],["System_4","Upstream","System_5%System_4%Work_Order","Work_Order","HL7","Real-time","MLLP","System_5","System_4"],["System_4","Downstream","System_4%System_19%Provider_Information","Provider_Information","HL7","Real-time","MLLP","System_4","System_19"],["System_4","Downstream","System_4%System_2%Patient_Treatment_Plan","Patient_Treatment_Plan","HL7","Real-time","MLLP","System_4","System_2"],["System_4","Upstream","System_2%System_4%Patient_Notes_(Doctor-Nurse-Procedure-Dental_Exam)","Patient_Notes_(Doctor-Nurse-Procedure-Dental_Exam)","HL7","Real-time","MLLP","System_2","System_4"],["System_4","Downstream","System_4%System_3%Location","Location","HL7","Real-time","MLLP","System_4","System_3"],["System_4","Downstream","System_4%System_11%Discharge_Summary","Discharge_Summary","HL7","Real-time","MLLP","System_4","System_11"],["System_4","Downstream","System_4%System_3%Discharge_Summary","Discharge_Summary","HL7","Real-time","MLLP","System_4","System_3"],["System_4","Downstream","System_4%System_5%Provider_Information","Provider_Information","HL7","Real-time","MLLP","System_4","System_5"],["System_4","Downstream","System_4%System_5%Encounter_Information","Encounter_Information","HL7","Real-time","MLLP","System_4","System_5"],["System_4","Downstream","System_4%System_25%Patient_ID","Patient_ID","HL7","Real-time","MLLP","System_4","System_25"],["System_4","Downstream","System_4%System_2%Patient_Demographics_and_Information","Patient_Demographics_and_Information","HL7","Real-time","MLLP","System_4","System_2"],["System_4","Upstream","System_11%System_4%Medication_Information","Medication_Information","HL7","Real-time","MLLP","System_11","System_4"],["System_4","Upstream","System_3%System_4%Encounter_Information","Encounter_Information","HL7","Real-time","MLLP","System_3","System_4"],["System_4","Downstream","System_4%System_5%Compliance_&_Authorization","Compliance_&_Authorization","HL7","Real-time","MLLP","System_4","System_5"],["System_4","Downstream","System_4%System_25%Order_Information","Order_Information","HL7","Real-time","MLLP","System_4","System_25"],["System_4","Downstream","System_4%System_12%Discharge_Summary","Discharge_Summary","HL7","Real-time","MLLP","System_4","System_12"],["System_4","Upstream","System_2%System_4%Order_Information","Order_Information","HL7","Real-time","MLLP","System_2","System_4"],["System_4","Downstream","System_4%System_1%Facility","Facility","CSV-ASCII-Text","Daily","SFTP","System_4","System_1"],["System_4","Upstream","System_2%System_4%Imaging-Radiology","Imaging-Radiology","HL7","Real-time","MLLP","System_2","System_4"],["System_4","Upstream","System_11%System_4%Patient_Demographics_and_Information","Patient_Demographics_and_Information","HL7","Real-time","MLLP","System_11","System_4"],["System_4","Downstream","System_4%System_11%Benefits_Eligibility_Information","Benefits_Eligibility_Information","HL7","Real-time","MLLP","System_4","System_11"],["System_4","Upstream","System_3%System_4%Cost_Accounting_Information","Cost_Accounting_Information","HL7","Real-time","MLLP","System_3","System_4"],["System_4","Upstream","System_2%System_4%Medication_Information","Medication_Information","HL7","Real-time","MLLP","System_2","System_4"],["System_4","Downstream","System_4%System_3%Compliance_&_Authorization","Compliance_&_Authorization","HL7","Real-time","MLLP","System_4","System_3"],["System_4","Downstream","System_4%System_3%Duty-Specific_Physical_Information_and_Status","Duty-Specific_Physical_Information_and_Status","HL7","Real-time","MLLP","System_4","System_3"],["System_4","Downstream","System_4%System_2%Order_Information","Order_Information","HL7","Real-time","MLLP","System_4","System_2"],["System_4","Downstream","System_4%System_2%Imaging-Radiology","Imaging-Radiology","HL7","Real-time","MLLP","System_4","System_2"],["System_4","Downstream","System_4%System_11%Appointment","Appointment","HL7","Real-time","MLLP","System_4","System_11"],["System_4","Upstream","System_3%System_4%Billing_Data","Billing_Data","HL7","Real-time","MLLP","System_3","System_4"],["System_4","Downstream","System_4%System_1%Appointment","Appointment","CSV-ASCII-Text","Daily","SFTP","System_4","System_1"],["System_4","Upstream","System_3%System_4%Patient_Administration","Patient_Administration","HL7","Real-time","MLLP","System_3","System_4"],["System_4","Upstream","System_5%System_4%Insurance_Information","Insurance_Information","HL7","Real-time","MLLP","System_5","System_4"],["System_4","Downstream","System_4%System_3%Patient_Test_Results","Patient_Test_Results","HL7","Real-time","MLLP","System_4","System_3"],["System_4","Downstream","System_4%System_5%Patient_Educational_Information","Patient_Educational_Information","HL7","Real-time","MLLP","System_4","System_5"],["System_4","Downstream","System_4%System_3%Patient_Notes_(Doctor-Nurse-Procedure-Dental_Exam)","Patient_Notes_(Doctor-Nurse-Procedure-Dental_Exam)","HL7","Real-time","MLLP","System_4","System_3"],["System_4","Downstream","System_4%System_3%Benefits_Eligibility_Information","Benefits_Eligibility_Information","HL7","Real-time","MLLP","System_4","System_3"],["System_4","Downstream","System_4%System_12%Encounter_Information","Encounter_Information","HL7","Real-time","MLLP","System_4","System_12"],["System_4","Downstream","System_4%System_1%Medication_Information","Medication_Information","CSV-ASCII-Text","Daily","SFTP","System_4","System_1"],["System_4","Downstream","System_4%System_1%Discharge_Summary","Discharge_Summary","CSV-ASCII-Text","Daily","SFTP","System_4","System_1"],["System_4","Downstream","System_4%System_12%Patient_Demographics_and_Information","Patient_Demographics_and_Information","HL7","Real-time","MLLP","System_4","System_12"],["System_4","Downstream","System_4%System_5%Medication_Information","Medication_Information","HL7","Real-time","MLLP","System_4","System_5"],["System_4","Downstream","System_4%System_3%Appointment","Appointment","HL7","Real-time","MLLP","System_4","System_3"],["System_4","Upstream","System_5%System_4%Emergency_Department","Emergency_Department","HL7","Real-time","MLLP","System_5","System_4"],["System_4","Upstream","System_3%System_4%Compliance_&_Authorization","Compliance_&_Authorization","HL7","Real-time","MLLP","System_3","System_4"],["System_4","Downstream","System_4%System_1%Benefits_Enrollment_Information","Benefits_Enrollment_Information","CSV-ASCII-Text","Daily","SFTP","System_4","System_1"],["System_4","Upstream","System_5%System_4%Appointment","Appointment","HL7","Real-time","MLLP","System_5","System_4"],["System_4","Downstream","System_4%System_19%Facility","Facility","HL7","Real-time","MLLP","System_4","System_19"],["System_4","Downstream","System_4%System_2%Referral_Information","Referral_Information","HL7","Real-time","MLLP","System_4","System_2"],["System_4","Downstream","System_4%System_2%Nutrition_Management","Nutrition_Management","HL7","Real-time","MLLP","System_4","System_2"],["System_4","Downstream","System_4%System_3%Benefits_Enrollment_Information","Benefits_Enrollment_Information","HL7","Real-time","MLLP","System_4","System_3"],["System_4","Downstream","System_4%System_12%Benefits_Enrollment_Information","Benefits_Enrollment_Information","HL7","Real-time","MLLP","System_4","System_12"],["System_4","Downstream","System_4%System_5%Patient_Procedures","Patient_Procedures","HL7","Real-time","MLLP","System_4","System_5"],["System_4","Upstream","System_3%System_4%Benefits_Enrollment_Information","Benefits_Enrollment_Information","HL7","Real-time","MLLP","System_3","System_4"],["System_4","Downstream","System_4%System_5%Patient_Immunization","Patient_Immunization","HL7","Real-time","MLLP","System_4","System_5"],["System_4","Downstream","System_4%System_3%Billing_Data","Billing_Data","HL7","Real-time","MLLP","System_4","System_3"],["System_4","Upstream","System_3%System_4%Care_Management","Care_Management","HL7","Real-time","MLLP","System_3","System_4"],["System_4","Upstream","System_2%System_4%Patient_ID","Patient_ID","HL7","Real-time","MLLP","System_2","System_4"],["System_4","Upstream","System_5%System_4%Patient_Vital_Signs","Patient_Vital_Signs","HL7","Real-time","MLLP","System_5","System_4"],["System_4","Downstream","System_4%System_5%Patient_Demographics_and_Information","Patient_Demographics_and_Information","HL7","Real-time","MLLP","System_4","System_5"],["System_4","Downstream","System_4%System_3%Third_Party_Billing","Third_Party_Billing","HL7","Real-time","MLLP","System_4","System_3"],["System_4","Downstream","System_4%System_11%Encounter_Information","Encounter_Information","HL7","Real-time","MLLP","System_4","System_11"],["System_4","Upstream","System_2%System_4%Care_Management","Care_Management","HL7","Real-time","MLLP","System_2","System_4"],["System_4","Downstream","System_4%System_1%Location","Location","CSV-ASCII-Text","Daily","SFTP","System_4","System_1"],["System_4","Upstream","System_3%System_4%Medication_Information","Medication_Information","HL7","Real-time","MLLP","System_3","System_4"],["System_4","Upstream","System_2%System_4%Provider_Information","Provider_Information","HL7","Real-time","MLLP","System_2","System_4"],["System_4","Upstream","System_2%System_4%Patient_Procedures","Patient_Procedures","HL7","Real-time","MLLP","System_2","System_4"],["System_5","Upstream","System_4%System_5%Patient_Implant_Information","Patient_Implant_Information","HL7","Real-time","MLLP","System_4","System_5"],["System_5","Downstream","System_5%System_4%Patient_Administration","Patient_Administration","HL7","Real-time","MLLP","System_5","System_4"],["System_5","Upstream","System_4%System_5%Patient_Procedures","Patient_Procedures","HL7","Real-time","MLLP","System_4","System_5"],["System_5","Upstream","System_4%System_5%Encounter_Information","Encounter_Information","HL7","Real-time","MLLP","System_4","System_5"],["System_5","Upstream","System_4%System_5%Compliance_&_Authorization","Compliance_&_Authorization","HL7","Real-time","MLLP","System_4","System_5"],["System_5","Downstream","System_5%System_4%Imaging-Radiology","Imaging-Radiology","HL7","Real-time","MLLP","System_5","System_4"],["System_5","Downstream","System_5%System_4%Encounter_Information","Encounter_Information","HL7","Real-time","MLLP","System_5","System_4"],["System_5","Upstream","System_4%System_5%Patient_Immunization","Patient_Immunization","HL7","Real-time","MLLP","System_4","System_5"],["System_5","Upstream","System_4%System_5%Discharge_Summary","Discharge_Summary","HL7","Real-time","MLLP","System_4","System_5"],["System_5","Upstream","System_4%System_5%Case_Management_Information","Case_Management_Information","HL7","Real-time","MLLP","System_4","System_5"],["System_5","Downstream","System_5%System_4%Discharge_Summary","Discharge_Summary","HL7","Real-time","MLLP","System_5","System_4"],["System_5","Upstream","System_4%System_5%Emergency_Department","Emergency_Department","HL7","Real-time","MLLP","System_4","System_5"],["System_5","Downstream","System_5%System_4%Order_Information","Order_Information","HL7","Real-time","MLLP","System_5","System_4"],["System_5","Upstream","System_4%System_5%Imaging-Radiology","Imaging-Radiology","HL7","Real-time","MLLP","System_4","System_5"],["System_5","Downstream","System_5%System_4%Patient_Immunization","Patient_Immunization","HL7","Real-time","MLLP","System_5","System_4"],["System_5","Downstream","System_5%System_4%Work_Order","Work_Order","HL7","Real-time","MLLP","System_5","System_4"],["System_5","Upstream","System_4%System_5%Order_Information","Order_Information","HL7","Real-time","MLLP","System_4","System_5"],["System_5","Downstream","System_5%System_4%Compliance_&_Authorization","Compliance_&_Authorization","HL7","Real-time","MLLP","System_5","System_4"],["System_5","Upstream","System_4%System_5%Facility","Facility","HL7","Real-time","MLLP","System_4","System_5"],["System_5","Downstream","System_5%System_4%Patient_Vital_Signs","Patient_Vital_Signs","HL7","Real-time","MLLP","System_5","System_4"],["System_5","Downstream","System_5%System_4%Facility","Facility","HL7","Real-time","MLLP","System_5","System_4"],["System_5","Downstream","System_5%System_4%Patient_Demographics_and_Information","Patient_Demographics_and_Information","HL7","Real-time","MLLP","System_5","System_4"],["System_5","Upstream","System_4%System_5%Work_Order","Work_Order","HL7","Real-time","MLLP","System_4","System_5"],["System_5","Downstream","System_5%System_4%Patient_Implant_Information","Patient_Implant_Information","HL7","Real-time","MLLP","System_5","System_4"],["System_5","Upstream","System_4%System_5%Patient_Vital_Signs","Patient_Vital_Signs","HL7","Real-time","MLLP","System_4","System_5"],["System_5","Upstream","System_4%System_5%Insurance_Information","Insurance_Information","HL7","Real-time","MLLP","System_4","System_5"],["System_5","Upstream","System_4%System_5%Medication_Information","Medication_Information","HL7","Real-time","MLLP","System_4","System_5"],["System_5","Upstream","System_4%System_5%Patient_Notes_(Doctor-Nurse-Procedure-Dental_Exam)","Patient_Notes_(Doctor-Nurse-Procedure-Dental_Exam)","HL7","Real-time","MLLP","System_4","System_5"],["System_5","Downstream","System_5%System_4%Nutrition_Management","Nutrition_Management","HL7","Real-time","MLLP","System_5","System_4"],["System_5","Upstream","System_4%System_5%Nutrition_Management","Nutrition_Management","HL7","Real-time","MLLP","System_4","System_5"],["System_5","Upstream","System_4%System_5%Patient_Demographics_and_Information","Patient_Demographics_and_Information","HL7","Real-time","MLLP","System_4","System_5"],["System_5","Upstream","System_4%System_5%Equipment","Equipment","HL7","Real-time","MLLP","System_4","System_5"],["System_5","Downstream","System_5%System_4%Patient_Test_Results","Patient_Test_Results","HL7","Real-time","MLLP","System_5","System_4"],["System_5","Downstream","System_5%System_4%Provider_Information","Provider_Information","HL7","Real-time","MLLP","System_5","System_4"],["System_5","Downstream","System_5%System_4%Case_Management_Information","Case_Management_Information","HL7","Real-time","MLLP","System_5","System_4"],["System_5","Downstream","System_5%System_4%Billing_Data","Billing_Data","HL7","Real-time","MLLP","System_5","System_4"],["System_5","Downstream","System_5%System_4%Personal_Health_Record","Personal_Health_Record","HL7","Real-time","MLLP","System_5","System_4"],["System_5","Downstream","System_5%System_4%Medication_Information","Medication_Information","HL7","Real-time","MLLP","System_5","System_4"],["System_5","Upstream","System_4%System_5%Patient_Administration","Patient_Administration","HL7","Real-time","MLLP","System_4","System_5"],["System_5","Downstream","System_5%System_4%Patient_Notes_(Doctor-Nurse-Procedure-Dental_Exam)","Patient_Notes_(Doctor-Nurse-Procedure-Dental_Exam)","HL7","Real-time","MLLP","System_5","System_4"],["System_5","Upstream","System_4%System_5%Patient_Educational_Information","Patient_Educational_Information","HL7","Real-time","MLLP","System_4","System_5"],["System_5","Upstream","System_4%System_5%Patient_ID","Patient_ID","HL7","Real-time","MLLP","System_4","System_5"],["System_5","Downstream","System_5%System_4%Allergy_Information","Allergy_Information","HL7","Real-time","MLLP","System_5","System_4"],["System_5","Downstream","System_5%System_4%Appointment","Appointment","HL7","Real-time","MLLP","System_5","System_4"],["System_5","Downstream","System_5%System_4%Care_Management","Care_Management","HL7","Real-time","MLLP","System_5","System_4"],["System_5","Downstream","System_5%System_4%Patient_Educational_Information","Patient_Educational_Information","HL7","Real-time","MLLP","System_5","System_4"],["System_5","Downstream","System_5%System_4%Patient_Procedures","Patient_Procedures","HL7","Real-time","MLLP","System_5","System_4"],["System_5","Upstream","System_4%System_5%Personal_Health_Record","Personal_Health_Record","HL7","Real-time","MLLP","System_4","System_5"],["System_5","Downstream","System_5%System_4%Benefits_Eligibility_Information","Benefits_Eligibility_Information","HL7","Real-time","MLLP","System_5","System_4"],["System_5","Upstream","System_4%System_5%Provider_Information","Provider_Information","HL7","Real-time","MLLP","System_4","System_5"],["System_5","Upstream","System_4%System_5%Patient_Test_Results","Patient_Test_Results","HL7","Real-time","MLLP","System_4","System_5"],["System_5","Downstream","System_5%System_4%Emergency_Department","Emergency_Department","HL7","Real-time","MLLP","System_5","System_4"],["System_5","Upstream","System_4%System_5%Benefits_Eligibility_Information","Benefits_Eligibility_Information","HL7","Real-time","MLLP","System_4","System_5"],["System_5","Downstream","System_5%System_4%Insurance_Information","Insurance_Information","HL7","Real-time","MLLP","System_5","System_4"],["System_5","Upstream","System_4%System_5%Care_Management","Care_Management","HL7","Real-time","MLLP","System_4","System_5"],["System_5","Upstream","System_4%System_5%Allergy_Information","Allergy_Information","HL7","Real-time","MLLP","System_4","System_5"],["System_5","Downstream","System_5%System_4%Room","Room","HL7","Real-time","MLLP","System_5","System_4"],["System_5","Downstream","System_5%System_4%Patient_ID","Patient_ID","HL7","Real-time","MLLP","System_5","System_4"],["System_9","Upstream","System_4%System_9%Staff_Schedule","Staff_Schedule","ASCII-TEXT","Daily","SFTP","System_4","System_9"],["System_9","Upstream","System_4%System_9%Patient_Demographics_and_Information","Patient_Demographics_and_Information","ASCII-TEXT","Daily","SFTP","System_4","System_9"]],"headers":["System","type","Interface","Data","Format","Frequency","Protocol","UpstreamSystem","DownstreamSystem"],"rawHeaders":["SYSTEM","TYPE","INTERFACE","DATA","FORMAT","FREQUENCY","PROTOCOL","UPSTREAMSYSTEM","DOWNSTREAMSYSTEM"]},"headerInfo":[{"alias":"System","header":"FRAME44444__System","type":"STRING","derived":false},{"alias":"type","header":"FRAME44444__type","type":"STRING","derived":false},{"alias":"Interface","header":"FRAME44444__Interface","type":"STRING","derived":false},{"alias":"Data","header":"FRAME44444__Data","type":"STRING","derived":false},{"alias":"Format","header":"FRAME44444__Format","type":"STRING","derived":false},{"alias":"Frequency","header":"FRAME44444__Frequency","type":"STRING","derived":false},{"alias":"Protocol","header":"FRAME44444__Protocol","type":"STRING","derived":false},{"alias":"UpstreamSystem","header":"FRAME44444__UpstreamSystem","type":"STRING","derived":false},{"alias":"DownstreamSystem","header":"FRAME44444__DownstreamSystem","type":"STRING","derived":false}],"sortInfo":[],"numRows":468,"sources":[{"name":"FRAME44444","type":"FRAME"}],"numCollected":500,"taskOptions":{"0":{"layout":"Grid","alignment":{"label":["System","type","Interface","Data","Format","Frequency","Protocol","UpstreamSystem","DownstreamSystem"]}}},"format":{"type":"TABLE"},"filterInfo":[],"taskId":"task1"},"operationType":["TASK_DATA"]}]}