{"insightID":"d74d1476-2615-48e2-8019-a955ffc14756","pixelReturn":[{"pixelExpression":"CachedPanel ( \"0\" ) ;","isMeta":false,"output":{"panelId":"0","panelLabel":"System Filter","view":"default-handle","viewOptions":"{\"json\":[{\"query\":\"DownstreamInterfaceFrame = CreateFrame ( grid, override=[false] ); Database ( TAP_Core_Data ) | Select ( System , SystemInterface, DataObject ) .as ( [ System , SystemInterface, DataObject ] ) | Filter(System==[<instance>]) |  Join ( ( System , inner.join , SystemInterface ), ( SystemInterface , inner.join , DataObject ) ) | Import (DownstreamInterfaceFrame) ; Database ( TAP_Core_Data ) | Select ( System , SystemInterface ) .as ( [ DownstreamSystem , SystemInterface ] ) | Join ( ( SystemInterface , inner.join , System ) ) | Merge (DownstreamInterfaceFrame, ( SystemInterface , left.outer.join , SystemInterface ) ) ; Database ( TAP_Core_Data ) | Select ( SystemInterface , DataObject ) | Join ( ( SystemInterface , inner.join , DataObject ) ) | Merge (DownstreamInterfaceFrame, ( SystemInterface , left.outer.join , SystemInterface ) ) ; Panel ( 1 ) | SetPanelView ( \\\"visualization\\\" ) ; UpstreamInterfaceFrame = CreateFrame ( grid, override=[false] ); Database ( TAP_Core_Data ) | Select ( System , SystemInterface ) .as ( [ System , SystemInterface ] ) | Filter(System==[<instance>]) | Join ( ( SystemInterface , inner.join , System ) ) | Import (UpstreamInterfaceFrame ) ; Database ( TAP_Core_Data ) | Select ( System , SystemInterface ) .as ( [ UpstreamSystem , SystemInterface ] ) | Join ( ( System , inner.join , SystemInterface ) ) | Merge (UpstreamInterfaceFrame, ( SystemInterface , inner.join , SystemInterface ) ) ; Database ( TAP_Core_Data ) | Select ( SystemInterface , DataObject ) | Join ( ( SystemInterface , inner.join , DataObject ) ) | Merge (UpstreamInterfaceFrame, ( SystemInterface , left.outer.join , SystemInterface ) ); Panel ( 2 ) | SetPanelView ( \\\"visualization\\\" ) ; SystemSiteFrame = CreateFrame (native, override=[false] ); Database ( TAP_Site_Data ) | Select ( Installation , Installation__LAT , Installation__LONG , SystemInstallation , System ) | Filter(System==[<instance>]) | Join ( ( SystemInstallation , inner.join , Installation ) , ( System , inner.join , SystemInstallation ) ) | Import ( SystemSiteFrame ) ;Panel ( 3 ) | SetPanelView ( \\\"visualization\\\" ) ; SystemDetailsFrame = CreateFrame (grid, override=[false] );Database ( TAP_Core_Data ) | Select ( System ) .as ( [ System ] ) | Filter(System==[<instance>]) | Import (SystemDetailsFrame ) ;Database ( TAP_Core_Data ) | Select ( System , System__Full_System_Name ) .as ( [ System , Full_System_Name ] ) | Merge (SystemDetailsFrame, ( System , left.outer.join , System ) ) ;Database ( TAP_Core_Data ) | Select ( System , System__Description ) .as ( [ System , Description ] ) | Merge (SystemDetailsFrame, ( System , left.outer.join , System ) ) ;Database ( TAP_Core_Data ) | Select ( System , System__Disposition ) .as ( [ System , Disposition ] ) | Merge (SystemDetailsFrame, ( System , left.outer.join , System ) ) ;Database ( TAP_Core_Data ) | Select ( System , System__ATO_Date ) .as ( [ System , ATO_Date ] ) | Merge (SystemDetailsFrame, ( System , left.outer.join , System ) ) ;Database ( TAP_Core_Data ) | Select ( System , Portfolio ) .as ( [ System , Portfolio ] ) | Join ( ( System , inner.join , Portfolio ) ) | Merge (SystemDetailsFrame, ( System , left.outer.join , System ) ) ; \\n\\nPanel ( 4 ) | SetPanelView ( \\\"text-widget\\\" , \\\"<encode>{\\\"html\\\":\\\"<div ng-repeat=\\\\\\\"systemData in FrameData[0].output.data.values\\\\\\\" style=\\\\\\\"word-wrap: break-word; margin-right: 25px\\\\\\\">\\\\n<div class = \\\\\\\"header\\\\\\\"> <font size = \\\\\\\"5\\\\\\\" color = \\\\\\\"white\\\\\\\"><b>{{systemData[0] | replaceUnderscores}}</b></font></div>\\\\n\\\\n<div style=\\\\\\\"padding-left: 5px;\\\\\\\"> <font size = '4' color = '#575757'> <span style=\\\\\\\"font-weight:bold;\\\\\\\">Full Name:</span>   {{systemData[1] | replaceUnderscores}} </div>\\\\n<div style=\\\\\\\"padding-left: 5px;\\\\\\\"> <font size = '4' color = '#575757'> <span style=\\\\\\\"font-weight:bold;\\\\\\\">Description: </span> {{systemData[2] | replaceUnderscores}} </div>\\\\n<div style=\\\\\\\"padding-left: 5px;\\\\\\\"> <font size = '4' color = '#575757'> <span style=\\\\\\\"font-weight:bold;\\\\\\\">Disposition: </span> {{systemData[3] | replaceUnderscores}} </div>\\\\n<div style=\\\\\\\"padding-left: 5px;\\\\\\\"> <font size = '4' color = '#575757'> <span style=\\\\\\\"font-weight:bold;\\\\\\\">ATO Date: </span> {{systemData[4] | replaceUnderscores | removeTimeInDate}} </div>\\\\n<div style=\\\\\\\"padding-left: 5px;\\\\\\\"> <font size = '4' color = '#575757'> <span style=\\\\\\\"font-weight:bold;\\\\\\\">Portfolio Board: </span> {{systemData[5] | replaceUnderscores}} </div>\\\\n<div style=\\\\\\\"padding-left: 5px;\\\\\\\"> <font size = '4' color = '#575757'> <span style=\\\\\\\"font-weight:bold;\\\\\\\">SDD System SharePoint URL: </span> Press Ctrl button and <a href=\\\\\\\"https://info.health.mil/hit/sd/Artifact/Forms/AllItems.aspx\\\\\\\"> Click Here</a> to navigate to see more specific system artifacts</div>\\\\n<hr>\\\\n</div>\\\\n\\\\n<style>\\\\n#TextWidget .header{\\\\nbackground-color: #184D68;\\\\n}\\\\n</style>\\\",\\\"varList\\\":[{\\\"name\\\":\\\"FrameData\\\",\\\"query\\\":\\\"Frame (SystemDetailsFrame ) | Select ( System , Full_System_Name , Description , Disposition , ATO_Date, Portfolio ) | Iterate() | Collect(500);\\\"}],\\\"freeze\\\":false,\\\"loading\\\":true}</encode>\\\" ) ;\\n\\nSystemUsersFrame = CreateFrame (grid, override=[false] ); Database ( TAP_Core_Data ) | Select ( System , Personnel ) | Filter(System==[<instance>]) | Join ( ( System , inner.join , Personnel ) ) | Import ( SystemUsersFrame ) ; \\nPanel ( 5 ) | SetPanelView ( \\\"visualization\\\" ) ; IfError((Frame(DownstreamInterfaceFrame) | Select ( System , DataObject , DownstreamSystem ) .as ( [ System , DataObject , DownstreamSystem ] )| Format ( type = [ 'table' ] ) | TaskOptions ( { \\\"1\\\" : { \\\"layout\\\" : \\\"ParallelCoordinates\\\" , \\\"alignment\\\" : { \\\"dimension\\\" : [ \\\"System\\\" , \\\"DataObject\\\" , \\\"DownstreamSystem\\\" ] } } } ) | Collect ( -1 )), (Panel(1) | SetPanelView('')));IfError((Frame(UpstreamInterfaceFrame) | Select ( UpstreamSystem , DataObject , System ) .as ( [ UpstreamSystem , DataObject , System ] ) | Format ( type = [ 'table' ] ) | TaskOptions ( { \\\"2\\\" : { \\\"layout\\\" : \\\"ParallelCoordinates\\\" , \\\"alignment\\\" : { \\\"dimension\\\" : [ \\\"UpstreamSystem\\\" , \\\"DataObject\\\" , \\\"System\\\" ] } } } ) | Collect ( -1 )), (Panel(2) | SetPanelView(''))) ; IfError((Frame ( SystemSiteFrame ) | Select ( Installation , Installation__LAT , Installation__LONG ) .as ( [ Installation , LAT , LONG ] ) | Join ( ( SystemInstallation , inner.join , Installation ) , ( System , inner.join , SystemInstallation ) ) | Format ( type = [ 'table' ] ) | TaskOptions ( { \\\"3\\\" : { \\\"layout\\\" : \\\"Map\\\" , \\\"alignment\\\" : { \\\"label\\\" : [ \\\"Installation\\\" ] , \\\"latitude\\\" : [ \\\"LAT\\\" ] , \\\"longitude\\\" : [ \\\"LONG\\\" ] , \\\"size\\\" : [ ] , \\\"color\\\" : [ ] , \\\"tooltip\\\" : [ ] } } } ) | Collect ( -1 )), (Panel(3) | SetPanelView('map-echarts'))) ; IfError((Frame (SystemUsersFrame ) | Select ( System , Personnel ) .as ( [ System , Personnel ] ) | Format ( type = [ 'table' ] ) | TaskOptions ( { \\\"5\\\" : { \\\"layout\\\" : \\\"Dendrogram\\\" , \\\"alignment\\\" : { \\\"dimension\\\" : [ \\\"System\\\" , \\\"Personnel\\\" ] } } } ) | Collect ( -1 )), (Panel (5) | SetPanelView('')));\",\"label\":\"System Dashboard\",\"params\":[{\"paramName\":\"search\",\"view\":false,\"model\":{\"defaultValue\":\"\"}},{\"paramName\":\"instance\",\"required\":true,\"view\":{\"displayType\":\"checklist\",\"label\":\"Select a System\",\"description\":\"Select a System to view\",\"attributes\":{\"searchable\":true,\"multiple\":true,\"quickselect\":true}},\"model\":{\"query\":\"(infinite = Database(TAP_Core_Data) | Select(System) | Filter(System ?like \\\"<search>\\\") | Sort(cols=[System], direction=[asc]) | Iterate()) | Collect(50);\",\"infiniteQuery\":\"infinite | Collect(50);\",\"searchParam\":\"search\",\"dependsOn\":[\"concept\",\"search\"]},\"useSelectedValues\":true}],\"execute\":\"button\"}]}","viewOptionsMap":{"default-handle":{"json":[{"query":"DownstreamInterfaceFrame = CreateFrame ( grid, override=[false] ); Database ( TAP_Core_Data ) | Select ( System , SystemInterface, DataObject ) .as ( [ System , SystemInterface, DataObject ] ) | Filter(System==[<instance>]) |  Join ( ( System , inner.join , SystemInterface ), ( SystemInterface , inner.join , DataObject ) ) | Import (DownstreamInterfaceFrame) ; Database ( TAP_Core_Data ) | Select ( System , SystemInterface ) .as ( [ DownstreamSystem , SystemInterface ] ) | Join ( ( SystemInterface , inner.join , System ) ) | Merge (DownstreamInterfaceFrame, ( SystemInterface , left.outer.join , SystemInterface ) ) ; Database ( TAP_Core_Data ) | Select ( SystemInterface , DataObject ) | Join ( ( SystemInterface , inner.join , DataObject ) ) | Merge (DownstreamInterfaceFrame, ( SystemInterface , left.outer.join , SystemInterface ) ) ; Panel ( 1 ) | SetPanelView ( \"visualization\" ) ; UpstreamInterfaceFrame = CreateFrame ( grid, override=[false] ); Database ( TAP_Core_Data ) | Select ( System , SystemInterface ) .as ( [ System , SystemInterface ] ) | Filter(System==[<instance>]) | Join ( ( SystemInterface , inner.join , System ) ) | Import (UpstreamInterfaceFrame ) ; Database ( TAP_Core_Data ) | Select ( System , SystemInterface ) .as ( [ UpstreamSystem , SystemInterface ] ) | Join ( ( System , inner.join , SystemInterface ) ) | Merge (UpstreamInterfaceFrame, ( SystemInterface , inner.join , SystemInterface ) ) ; Database ( TAP_Core_Data ) | Select ( SystemInterface , DataObject ) | Join ( ( SystemInterface , inner.join , DataObject ) ) | Merge (UpstreamInterfaceFrame, ( SystemInterface , left.outer.join , SystemInterface ) ); Panel ( 2 ) | SetPanelView ( \"visualization\" ) ; SystemSiteFrame = CreateFrame (native, override=[false] ); Database ( TAP_Site_Data ) | Select ( Installation , Installation__LAT , Installation__LONG , SystemInstallation , System ) | Filter(System==[<instance>]) | Join ( ( SystemInstallation , inner.join , Installation ) , ( System , inner.join , SystemInstallation ) ) | Import ( SystemSiteFrame ) ;Panel ( 3 ) | SetPanelView ( \"visualization\" ) ; SystemDetailsFrame = CreateFrame (grid, override=[false] );Database ( TAP_Core_Data ) | Select ( System ) .as ( [ System ] ) | Filter(System==[<instance>]) | Import (SystemDetailsFrame ) ;Database ( TAP_Core_Data ) | Select ( System , System__Full_System_Name ) .as ( [ System , Full_System_Name ] ) | Merge (SystemDetailsFrame, ( System , left.outer.join , System ) ) ;Database ( TAP_Core_Data ) | Select ( System , System__Description ) .as ( [ System , Description ] ) | Merge (SystemDetailsFrame, ( System , left.outer.join , System ) ) ;Database ( TAP_Core_Data ) | Select ( System , System__Disposition ) .as ( [ System , Disposition ] ) | Merge (SystemDetailsFrame, ( System , left.outer.join , System ) ) ;Database ( TAP_Core_Data ) | Select ( System , System__ATO_Date ) .as ( [ System , ATO_Date ] ) | Merge (SystemDetailsFrame, ( System , left.outer.join , System ) ) ;Database ( TAP_Core_Data ) | Select ( System , Portfolio ) .as ( [ System , Portfolio ] ) | Join ( ( System , inner.join , Portfolio ) ) | Merge (SystemDetailsFrame, ( System , left.outer.join , System ) ) ; \n\nPanel ( 4 ) | SetPanelView ( \"text-widget\" , \"<encode>{\"html\":\"<div ng-repeat=\\\"systemData in FrameData[0].output.data.values\\\" style=\\\"word-wrap: break-word; margin-right: 25px\\\">\\n<div class = \\\"header\\\"> <font size = \\\"5\\\" color = \\\"white\\\"><b>{{systemData[0] | replaceUnderscores}}</b></font></div>\\n\\n<div style=\\\"padding-left: 5px;\\\"> <font size = '4' color = '#575757'> <span style=\\\"font-weight:bold;\\\">Full Name:</span>   {{systemData[1] | replaceUnderscores}} </div>\\n<div style=\\\"padding-left: 5px;\\\"> <font size = '4' color = '#575757'> <span style=\\\"font-weight:bold;\\\">Description: </span> {{systemData[2] | replaceUnderscores}} </div>\\n<div style=\\\"padding-left: 5px;\\\"> <font size = '4' color = '#575757'> <span style=\\\"font-weight:bold;\\\">Disposition: </span> {{systemData[3] | replaceUnderscores}} </div>\\n<div style=\\\"padding-left: 5px;\\\"> <font size = '4' color = '#575757'> <span style=\\\"font-weight:bold;\\\">ATO Date: </span> {{systemData[4] | replaceUnderscores | removeTimeInDate}} </div>\\n<div style=\\\"padding-left: 5px;\\\"> <font size = '4' color = '#575757'> <span style=\\\"font-weight:bold;\\\">Portfolio Board: </span> {{systemData[5] | replaceUnderscores}} </div>\\n<div style=\\\"padding-left: 5px;\\\"> <font size = '4' color = '#575757'> <span style=\\\"font-weight:bold;\\\">SDD System SharePoint URL: </span> Press Ctrl button and <a href=\\\"https://info.health.mil/hit/sd/Artifact/Forms/AllItems.aspx\\\"> Click Here</a> to navigate to see more specific system artifacts</div>\\n<hr>\\n</div>\\n\\n<style>\\n#TextWidget .header{\\nbackground-color: #184D68;\\n}\\n</style>\",\"varList\":[{\"name\":\"FrameData\",\"query\":\"Frame (SystemDetailsFrame ) | Select ( System , Full_System_Name , Description , Disposition , ATO_Date, Portfolio ) | Iterate() | Collect(500);\"}],\"freeze\":false,\"loading\":true}</encode>\" ) ;\n\nSystemUsersFrame = CreateFrame (grid, override=[false] ); Database ( TAP_Core_Data ) | Select ( System , Personnel ) | Filter(System==[<instance>]) | Join ( ( System , inner.join , Personnel ) ) | Import ( SystemUsersFrame ) ; \nPanel ( 5 ) | SetPanelView ( \"visualization\" ) ; IfError((Frame(DownstreamInterfaceFrame) | Select ( System , DataObject , DownstreamSystem ) .as ( [ System , DataObject , DownstreamSystem ] )| Format ( type = [ 'table' ] ) | TaskOptions ( { \"1\" : { \"layout\" : \"ParallelCoordinates\" , \"alignment\" : { \"dimension\" : [ \"System\" , \"DataObject\" , \"DownstreamSystem\" ] } } } ) | Collect ( -1 )), (Panel(1) | SetPanelView('')));IfError((Frame(UpstreamInterfaceFrame) | Select ( UpstreamSystem , DataObject , System ) .as ( [ UpstreamSystem , DataObject , System ] ) | Format ( type = [ 'table' ] ) | TaskOptions ( { \"2\" : { \"layout\" : \"ParallelCoordinates\" , \"alignment\" : { \"dimension\" : [ \"UpstreamSystem\" , \"DataObject\" , \"System\" ] } } } ) | Collect ( -1 )), (Panel(2) | SetPanelView(''))) ; IfError((Frame ( SystemSiteFrame ) | Select ( Installation , Installation__LAT , Installation__LONG ) .as ( [ Installation , LAT , LONG ] ) | Join ( ( SystemInstallation , inner.join , Installation ) , ( System , inner.join , SystemInstallation ) ) | Format ( type = [ 'table' ] ) | TaskOptions ( { \"3\" : { \"layout\" : \"Map\" , \"alignment\" : { \"label\" : [ \"Installation\" ] , \"latitude\" : [ \"LAT\" ] , \"longitude\" : [ \"LONG\" ] , \"size\" : [ ] , \"color\" : [ ] , \"tooltip\" : [ ] } } } ) | Collect ( -1 )), (Panel(3) | SetPanelView('map-echarts'))) ; IfError((Frame (SystemUsersFrame ) | Select ( System , Personnel ) .as ( [ System , Personnel ] ) | Format ( type = [ 'table' ] ) | TaskOptions ( { \"5\" : { \"layout\" : \"Dendrogram\" , \"alignment\" : { \"dimension\" : [ \"System\" , \"Personnel\" ] } } } ) | Collect ( -1 )), (Panel (5) | SetPanelView('')));","label":"System Dashboard","params":[{"paramName":"search","view":false,"model":{"defaultValue":""}},{"paramName":"instance","required":true,"view":{"displayType":"checklist","label":"Select a System","description":"Select a System to view","attributes":{"searchable":true,"multiple":true,"quickselect":true}},"model":{"query":"(infinite = Database(TAP_Core_Data) | Select(System) | Filter(System ?like \"<search>\") | Sort(cols=[System], direction=[asc]) | Iterate()) | Collect(50);","infiniteQuery":"infinite | Collect(50);","searchParam":"search","dependsOn":["concept","search"]},"useSelectedValues":true}],"execute":"button"}]}},"config":{},"ornaments":{},"events":{},"comments":{},"position":{},"filters":[],"order":[],"cbv":[]},"operationType":["CACHED_PANEL"]},{"pixelExpression":"CachedPanel ( \"0\" ) ;","isMeta":false,"output":{"panelId":"0","panelLabel":"System Filter","view":"default-handle","viewOptions":"{\"json\":[{\"query\":\"DownstreamInterfaceFrame = CreateFrame ( grid, override=[false] ); Database ( TAP_Core_Data ) | Select ( System , SystemInterface, DataObject ) .as ( [ System , SystemInterface, DataObject ] ) | Filter(System==[<instance>]) |  Join ( ( System , inner.join , SystemInterface ), ( SystemInterface , inner.join , DataObject ) ) | Import (DownstreamInterfaceFrame) ; Database ( TAP_Core_Data ) | Select ( System , SystemInterface ) .as ( [ DownstreamSystem , SystemInterface ] ) | Join ( ( SystemInterface , inner.join , System ) ) | Merge (DownstreamInterfaceFrame, ( SystemInterface , left.outer.join , SystemInterface ) ) ; Database ( TAP_Core_Data ) | Select ( SystemInterface , DataObject ) | Join ( ( SystemInterface , inner.join , DataObject ) ) | Merge (DownstreamInterfaceFrame, ( SystemInterface , left.outer.join , SystemInterface ) ) ; Panel ( 1 ) | SetPanelView ( \\\"visualization\\\" ) ; UpstreamInterfaceFrame = CreateFrame ( grid, override=[false] ); Database ( TAP_Core_Data ) | Select ( System , SystemInterface ) .as ( [ System , SystemInterface ] ) | Filter(System==[<instance>]) | Join ( ( SystemInterface , inner.join , System ) ) | Import (UpstreamInterfaceFrame ) ; Database ( TAP_Core_Data ) | Select ( System , SystemInterface ) .as ( [ UpstreamSystem , SystemInterface ] ) | Join ( ( System , inner.join , SystemInterface ) ) | Merge (UpstreamInterfaceFrame, ( SystemInterface , inner.join , SystemInterface ) ) ; Database ( TAP_Core_Data ) | Select ( SystemInterface , DataObject ) | Join ( ( SystemInterface , inner.join , DataObject ) ) | Merge (UpstreamInterfaceFrame, ( SystemInterface , left.outer.join , SystemInterface ) ); Panel ( 2 ) | SetPanelView ( \\\"visualization\\\" ) ; SystemSiteFrame = CreateFrame (native, override=[false] ); Database ( TAP_Site_Data ) | Select ( Installation , Installation__LAT , Installation__LONG , SystemInstallation , System ) | Filter(System==[<instance>]) | Join ( ( SystemInstallation , inner.join , Installation ) , ( System , inner.join , SystemInstallation ) ) | Import ( SystemSiteFrame ) ;Panel ( 3 ) | SetPanelView ( \\\"visualization\\\" ) ; SystemDetailsFrame = CreateFrame (grid, override=[false] );Database ( TAP_Core_Data ) | Select ( System ) .as ( [ System ] ) | Filter(System==[<instance>]) | Import (SystemDetailsFrame ) ;Database ( TAP_Core_Data ) | Select ( System , System__Full_System_Name ) .as ( [ System , Full_System_Name ] ) | Merge (SystemDetailsFrame, ( System , left.outer.join , System ) ) ;Database ( TAP_Core_Data ) | Select ( System , System__Description ) .as ( [ System , Description ] ) | Merge (SystemDetailsFrame, ( System , left.outer.join , System ) ) ;Database ( TAP_Core_Data ) | Select ( System , System__Disposition ) .as ( [ System , Disposition ] ) | Merge (SystemDetailsFrame, ( System , left.outer.join , System ) ) ;Database ( TAP_Core_Data ) | Select ( System , System__ATO_Date ) .as ( [ System , ATO_Date ] ) | Merge (SystemDetailsFrame, ( System , left.outer.join , System ) ) ;Database ( TAP_Core_Data ) | Select ( System , Portfolio ) .as ( [ System , Portfolio ] ) | Join ( ( System , inner.join , Portfolio ) ) | Merge (SystemDetailsFrame, ( System , left.outer.join , System ) ) ; \\n\\nPanel ( 4 ) | SetPanelView ( \\\"text-widget\\\" , \\\"<encode>{\\\"html\\\":\\\"<div ng-repeat=\\\\\\\"systemData in FrameData[0].output.data.values\\\\\\\" style=\\\\\\\"word-wrap: break-word; margin-right: 25px\\\\\\\">\\\\n<div class = \\\\\\\"header\\\\\\\"> <font size = \\\\\\\"5\\\\\\\" color = \\\\\\\"white\\\\\\\"><b>{{systemData[0] | replaceUnderscores}}</b></font></div>\\\\n\\\\n<div style=\\\\\\\"padding-left: 5px;\\\\\\\"> <font size = '4' color = '#575757'> <span style=\\\\\\\"font-weight:bold;\\\\\\\">Full Name:</span>   {{systemData[1] | replaceUnderscores}} </div>\\\\n<div style=\\\\\\\"padding-left: 5px;\\\\\\\"> <font size = '4' color = '#575757'> <span style=\\\\\\\"font-weight:bold;\\\\\\\">Description: </span> {{systemData[2] | replaceUnderscores}} </div>\\\\n<div style=\\\\\\\"padding-left: 5px;\\\\\\\"> <font size = '4' color = '#575757'> <span style=\\\\\\\"font-weight:bold;\\\\\\\">Disposition: </span> {{systemData[3] | replaceUnderscores}} </div>\\\\n<div style=\\\\\\\"padding-left: 5px;\\\\\\\"> <font size = '4' color = '#575757'> <span style=\\\\\\\"font-weight:bold;\\\\\\\">ATO Date: </span> {{systemData[4] | replaceUnderscores | removeTimeInDate}} </div>\\\\n<div style=\\\\\\\"padding-left: 5px;\\\\\\\"> <font size = '4' color = '#575757'> <span style=\\\\\\\"font-weight:bold;\\\\\\\">Portfolio Board: </span> {{systemData[5] | replaceUnderscores}} </div>\\\\n<div style=\\\\\\\"padding-left: 5px;\\\\\\\"> <font size = '4' color = '#575757'> <span style=\\\\\\\"font-weight:bold;\\\\\\\">SDD System SharePoint URL: </span> Press Ctrl button and <a href=\\\\\\\"https://info.health.mil/hit/sd/Artifact/Forms/AllItems.aspx\\\\\\\"> Click Here</a> to navigate to see more specific system artifacts</div>\\\\n<hr>\\\\n</div>\\\\n\\\\n<style>\\\\n#TextWidget .header{\\\\nbackground-color: #184D68;\\\\n}\\\\n</style>\\\",\\\"varList\\\":[{\\\"name\\\":\\\"FrameData\\\",\\\"query\\\":\\\"Frame (SystemDetailsFrame ) | Select ( System , Full_System_Name , Description , Disposition , ATO_Date, Portfolio ) | Iterate() | Collect(500);\\\"}],\\\"freeze\\\":false,\\\"loading\\\":true}</encode>\\\" ) ;\\n\\nSystemUsersFrame = CreateFrame (grid, override=[false] ); Database ( TAP_Core_Data ) | Select ( System , Personnel ) | Filter(System==[<instance>]) | Join ( ( System , inner.join , Personnel ) ) | Import ( SystemUsersFrame ) ; \\nPanel ( 5 ) | SetPanelView ( \\\"visualization\\\" ) ; IfError((Frame(DownstreamInterfaceFrame) | Select ( System , DataObject , DownstreamSystem ) .as ( [ System , DataObject , DownstreamSystem ] )| Format ( type = [ 'table' ] ) | TaskOptions ( { \\\"1\\\" : { \\\"layout\\\" : \\\"ParallelCoordinates\\\" , \\\"alignment\\\" : { \\\"dimension\\\" : [ \\\"System\\\" , \\\"DataObject\\\" , \\\"DownstreamSystem\\\" ] } } } ) | Collect ( -1 )), (Panel(1) | SetPanelView('')));IfError((Frame(UpstreamInterfaceFrame) | Select ( UpstreamSystem , DataObject , System ) .as ( [ UpstreamSystem , DataObject , System ] ) | Format ( type = [ 'table' ] ) | TaskOptions ( { \\\"2\\\" : { \\\"layout\\\" : \\\"ParallelCoordinates\\\" , \\\"alignment\\\" : { \\\"dimension\\\" : [ \\\"UpstreamSystem\\\" , \\\"DataObject\\\" , \\\"System\\\" ] } } } ) | Collect ( -1 )), (Panel(2) | SetPanelView(''))) ; IfError((Frame ( SystemSiteFrame ) | Select ( Installation , Installation__LAT , Installation__LONG ) .as ( [ Installation , LAT , LONG ] ) | Join ( ( SystemInstallation , inner.join , Installation ) , ( System , inner.join , SystemInstallation ) ) | Format ( type = [ 'table' ] ) | TaskOptions ( { \\\"3\\\" : { \\\"layout\\\" : \\\"Map\\\" , \\\"alignment\\\" : { \\\"label\\\" : [ \\\"Installation\\\" ] , \\\"latitude\\\" : [ \\\"LAT\\\" ] , \\\"longitude\\\" : [ \\\"LONG\\\" ] , \\\"size\\\" : [ ] , \\\"color\\\" : [ ] , \\\"tooltip\\\" : [ ] } } } ) | Collect ( -1 )), (Panel(3) | SetPanelView('map-echarts'))) ; IfError((Frame (SystemUsersFrame ) | Select ( System , Personnel ) .as ( [ System , Personnel ] ) | Format ( type = [ 'table' ] ) | TaskOptions ( { \\\"5\\\" : { \\\"layout\\\" : \\\"Dendrogram\\\" , \\\"alignment\\\" : { \\\"dimension\\\" : [ \\\"System\\\" , \\\"Personnel\\\" ] } } } ) | Collect ( -1 )), (Panel (5) | SetPanelView('')));\",\"label\":\"System Dashboard\",\"params\":[{\"paramName\":\"search\",\"view\":false,\"model\":{\"defaultValue\":\"\"}},{\"paramName\":\"instance\",\"required\":true,\"view\":{\"displayType\":\"checklist\",\"label\":\"Select a System\",\"description\":\"Select a System to view\",\"attributes\":{\"searchable\":true,\"multiple\":true,\"quickselect\":true}},\"model\":{\"query\":\"(infinite = Database(TAP_Core_Data) | Select(System) | Filter(System ?like \\\"<search>\\\") | Sort(cols=[System], direction=[asc]) | Iterate()) | Collect(50);\",\"infiniteQuery\":\"infinite | Collect(50);\",\"searchParam\":\"search\",\"dependsOn\":[\"concept\",\"search\"]},\"useSelectedValues\":true}],\"execute\":\"button\"}]}","viewOptionsMap":{"default-handle":{"json":[{"query":"DownstreamInterfaceFrame = CreateFrame ( grid, override=[false] ); Database ( TAP_Core_Data ) | Select ( System , SystemInterface, DataObject ) .as ( [ System , SystemInterface, DataObject ] ) | Filter(System==[<instance>]) |  Join ( ( System , inner.join , SystemInterface ), ( SystemInterface , inner.join , DataObject ) ) | Import (DownstreamInterfaceFrame) ; Database ( TAP_Core_Data ) | Select ( System , SystemInterface ) .as ( [ DownstreamSystem , SystemInterface ] ) | Join ( ( SystemInterface , inner.join , System ) ) | Merge (DownstreamInterfaceFrame, ( SystemInterface , left.outer.join , SystemInterface ) ) ; Database ( TAP_Core_Data ) | Select ( SystemInterface , DataObject ) | Join ( ( SystemInterface , inner.join , DataObject ) ) | Merge (DownstreamInterfaceFrame, ( SystemInterface , left.outer.join , SystemInterface ) ) ; Panel ( 1 ) | SetPanelView ( \"visualization\" ) ; UpstreamInterfaceFrame = CreateFrame ( grid, override=[false] ); Database ( TAP_Core_Data ) | Select ( System , SystemInterface ) .as ( [ System , SystemInterface ] ) | Filter(System==[<instance>]) | Join ( ( SystemInterface , inner.join , System ) ) | Import (UpstreamInterfaceFrame ) ; Database ( TAP_Core_Data ) | Select ( System , SystemInterface ) .as ( [ UpstreamSystem , SystemInterface ] ) | Join ( ( System , inner.join , SystemInterface ) ) | Merge (UpstreamInterfaceFrame, ( SystemInterface , inner.join , SystemInterface ) ) ; Database ( TAP_Core_Data ) | Select ( SystemInterface , DataObject ) | Join ( ( SystemInterface , inner.join , DataObject ) ) | Merge (UpstreamInterfaceFrame, ( SystemInterface , left.outer.join , SystemInterface ) ); Panel ( 2 ) | SetPanelView ( \"visualization\" ) ; SystemSiteFrame = CreateFrame (native, override=[false] ); Database ( TAP_Site_Data ) | Select ( Installation , Installation__LAT , Installation__LONG , SystemInstallation , System ) | Filter(System==[<instance>]) | Join ( ( SystemInstallation , inner.join , Installation ) , ( System , inner.join , SystemInstallation ) ) | Import ( SystemSiteFrame ) ;Panel ( 3 ) | SetPanelView ( \"visualization\" ) ; SystemDetailsFrame = CreateFrame (grid, override=[false] );Database ( TAP_Core_Data ) | Select ( System ) .as ( [ System ] ) | Filter(System==[<instance>]) | Import (SystemDetailsFrame ) ;Database ( TAP_Core_Data ) | Select ( System , System__Full_System_Name ) .as ( [ System , Full_System_Name ] ) | Merge (SystemDetailsFrame, ( System , left.outer.join , System ) ) ;Database ( TAP_Core_Data ) | Select ( System , System__Description ) .as ( [ System , Description ] ) | Merge (SystemDetailsFrame, ( System , left.outer.join , System ) ) ;Database ( TAP_Core_Data ) | Select ( System , System__Disposition ) .as ( [ System , Disposition ] ) | Merge (SystemDetailsFrame, ( System , left.outer.join , System ) ) ;Database ( TAP_Core_Data ) | Select ( System , System__ATO_Date ) .as ( [ System , ATO_Date ] ) | Merge (SystemDetailsFrame, ( System , left.outer.join , System ) ) ;Database ( TAP_Core_Data ) | Select ( System , Portfolio ) .as ( [ System , Portfolio ] ) | Join ( ( System , inner.join , Portfolio ) ) | Merge (SystemDetailsFrame, ( System , left.outer.join , System ) ) ; \n\nPanel ( 4 ) | SetPanelView ( \"text-widget\" , \"<encode>{\"html\":\"<div ng-repeat=\\\"systemData in FrameData[0].output.data.values\\\" style=\\\"word-wrap: break-word; margin-right: 25px\\\">\\n<div class = \\\"header\\\"> <font size = \\\"5\\\" color = \\\"white\\\"><b>{{systemData[0] | replaceUnderscores}}</b></font></div>\\n\\n<div style=\\\"padding-left: 5px;\\\"> <font size = '4' color = '#575757'> <span style=\\\"font-weight:bold;\\\">Full Name:</span>   {{systemData[1] | replaceUnderscores}} </div>\\n<div style=\\\"padding-left: 5px;\\\"> <font size = '4' color = '#575757'> <span style=\\\"font-weight:bold;\\\">Description: </span> {{systemData[2] | replaceUnderscores}} </div>\\n<div style=\\\"padding-left: 5px;\\\"> <font size = '4' color = '#575757'> <span style=\\\"font-weight:bold;\\\">Disposition: </span> {{systemData[3] | replaceUnderscores}} </div>\\n<div style=\\\"padding-left: 5px;\\\"> <font size = '4' color = '#575757'> <span style=\\\"font-weight:bold;\\\">ATO Date: </span> {{systemData[4] | replaceUnderscores | removeTimeInDate}} </div>\\n<div style=\\\"padding-left: 5px;\\\"> <font size = '4' color = '#575757'> <span style=\\\"font-weight:bold;\\\">Portfolio Board: </span> {{systemData[5] | replaceUnderscores}} </div>\\n<div style=\\\"padding-left: 5px;\\\"> <font size = '4' color = '#575757'> <span style=\\\"font-weight:bold;\\\">SDD System SharePoint URL: </span> Press Ctrl button and <a href=\\\"https://info.health.mil/hit/sd/Artifact/Forms/AllItems.aspx\\\"> Click Here</a> to navigate to see more specific system artifacts</div>\\n<hr>\\n</div>\\n\\n<style>\\n#TextWidget .header{\\nbackground-color: #184D68;\\n}\\n</style>\",\"varList\":[{\"name\":\"FrameData\",\"query\":\"Frame (SystemDetailsFrame ) | Select ( System , Full_System_Name , Description , Disposition , ATO_Date, Portfolio ) | Iterate() | Collect(500);\"}],\"freeze\":false,\"loading\":true}</encode>\" ) ;\n\nSystemUsersFrame = CreateFrame (grid, override=[false] ); Database ( TAP_Core_Data ) | Select ( System , Personnel ) | Filter(System==[<instance>]) | Join ( ( System , inner.join , Personnel ) ) | Import ( SystemUsersFrame ) ; \nPanel ( 5 ) | SetPanelView ( \"visualization\" ) ; IfError((Frame(DownstreamInterfaceFrame) | Select ( System , DataObject , DownstreamSystem ) .as ( [ System , DataObject , DownstreamSystem ] )| Format ( type = [ 'table' ] ) | TaskOptions ( { \"1\" : { \"layout\" : \"ParallelCoordinates\" , \"alignment\" : { \"dimension\" : [ \"System\" , \"DataObject\" , \"DownstreamSystem\" ] } } } ) | Collect ( -1 )), (Panel(1) | SetPanelView('')));IfError((Frame(UpstreamInterfaceFrame) | Select ( UpstreamSystem , DataObject , System ) .as ( [ UpstreamSystem , DataObject , System ] ) | Format ( type = [ 'table' ] ) | TaskOptions ( { \"2\" : { \"layout\" : \"ParallelCoordinates\" , \"alignment\" : { \"dimension\" : [ \"UpstreamSystem\" , \"DataObject\" , \"System\" ] } } } ) | Collect ( -1 )), (Panel(2) | SetPanelView(''))) ; IfError((Frame ( SystemSiteFrame ) | Select ( Installation , Installation__LAT , Installation__LONG ) .as ( [ Installation , LAT , LONG ] ) | Join ( ( SystemInstallation , inner.join , Installation ) , ( System , inner.join , SystemInstallation ) ) | Format ( type = [ 'table' ] ) | TaskOptions ( { \"3\" : { \"layout\" : \"Map\" , \"alignment\" : { \"label\" : [ \"Installation\" ] , \"latitude\" : [ \"LAT\" ] , \"longitude\" : [ \"LONG\" ] , \"size\" : [ ] , \"color\" : [ ] , \"tooltip\" : [ ] } } } ) | Collect ( -1 )), (Panel(3) | SetPanelView('map-echarts'))) ; IfError((Frame (SystemUsersFrame ) | Select ( System , Personnel ) .as ( [ System , Personnel ] ) | Format ( type = [ 'table' ] ) | TaskOptions ( { \"5\" : { \"layout\" : \"Dendrogram\" , \"alignment\" : { \"dimension\" : [ \"System\" , \"Personnel\" ] } } } ) | Collect ( -1 )), (Panel (5) | SetPanelView('')));","label":"System Dashboard","params":[{"paramName":"search","view":false,"model":{"defaultValue":""}},{"paramName":"instance","required":true,"view":{"displayType":"checklist","label":"Select a System","description":"Select a System to view","attributes":{"searchable":true,"multiple":true,"quickselect":true}},"model":{"query":"(infinite = Database(TAP_Core_Data) | Select(System) | Filter(System ?like \"<search>\") | Sort(cols=[System], direction=[asc]) | Iterate()) | Collect(50);","infiniteQuery":"infinite | Collect(50);","searchParam":"search","dependsOn":["concept","search"]},"useSelectedValues":true}],"execute":"button"}]}},"config":{},"ornaments":{},"events":{},"comments":{},"position":{},"filters":[],"order":[],"cbv":[]},"operationType":["CACHED_PANEL"]},{"pixelExpression":"CachedPanel ( \"0\" ) ;","isMeta":false,"output":{"panelId":"0","panelLabel":"System Filter","view":"default-handle","viewOptions":"{\"json\":[{\"query\":\"DownstreamInterfaceFrame = CreateFrame ( grid, override=[false] ); Database ( TAP_Core_Data ) | Select ( System , SystemInterface, DataObject ) .as ( [ System , SystemInterface, DataObject ] ) | Filter(System==[<instance>]) |  Join ( ( System , inner.join , SystemInterface ), ( SystemInterface , inner.join , DataObject ) ) | Import (DownstreamInterfaceFrame) ; Database ( TAP_Core_Data ) | Select ( System , SystemInterface ) .as ( [ DownstreamSystem , SystemInterface ] ) | Join ( ( SystemInterface , inner.join , System ) ) | Merge (DownstreamInterfaceFrame, ( SystemInterface , left.outer.join , SystemInterface ) ) ; Database ( TAP_Core_Data ) | Select ( SystemInterface , DataObject ) | Join ( ( SystemInterface , inner.join , DataObject ) ) | Merge (DownstreamInterfaceFrame, ( SystemInterface , left.outer.join , SystemInterface ) ) ; Panel ( 1 ) | SetPanelView ( \\\"visualization\\\" ) ; UpstreamInterfaceFrame = CreateFrame ( grid, override=[false] ); Database ( TAP_Core_Data ) | Select ( System , SystemInterface ) .as ( [ System , SystemInterface ] ) | Filter(System==[<instance>]) | Join ( ( SystemInterface , inner.join , System ) ) | Import (UpstreamInterfaceFrame ) ; Database ( TAP_Core_Data ) | Select ( System , SystemInterface ) .as ( [ UpstreamSystem , SystemInterface ] ) | Join ( ( System , inner.join , SystemInterface ) ) | Merge (UpstreamInterfaceFrame, ( SystemInterface , inner.join , SystemInterface ) ) ; Database ( TAP_Core_Data ) | Select ( SystemInterface , DataObject ) | Join ( ( SystemInterface , inner.join , DataObject ) ) | Merge (UpstreamInterfaceFrame, ( SystemInterface , left.outer.join , SystemInterface ) ); Panel ( 2 ) | SetPanelView ( \\\"visualization\\\" ) ; SystemSiteFrame = CreateFrame (native, override=[false] ); Database ( TAP_Site_Data ) | Select ( Installation , Installation__LAT , Installation__LONG , SystemInstallation , System ) | Filter(System==[<instance>]) | Join ( ( SystemInstallation , inner.join , Installation ) , ( System , inner.join , SystemInstallation ) ) | Import ( SystemSiteFrame ) ;Panel ( 3 ) | SetPanelView ( \\\"visualization\\\" ) ; SystemDetailsFrame = CreateFrame (grid, override=[false] );Database ( TAP_Core_Data ) | Select ( System ) .as ( [ System ] ) | Filter(System==[<instance>]) | Import (SystemDetailsFrame ) ;Database ( TAP_Core_Data ) | Select ( System , System__Full_System_Name ) .as ( [ System , Full_System_Name ] ) | Merge (SystemDetailsFrame, ( System , left.outer.join , System ) ) ;Database ( TAP_Core_Data ) | Select ( System , System__Description ) .as ( [ System , Description ] ) | Merge (SystemDetailsFrame, ( System , left.outer.join , System ) ) ;Database ( TAP_Core_Data ) | Select ( System , System__Disposition ) .as ( [ System , Disposition ] ) | Merge (SystemDetailsFrame, ( System , left.outer.join , System ) ) ;Database ( TAP_Core_Data ) | Select ( System , System__ATO_Date ) .as ( [ System , ATO_Date ] ) | Merge (SystemDetailsFrame, ( System , left.outer.join , System ) ) ;Database ( TAP_Core_Data ) | Select ( System , Portfolio ) .as ( [ System , Portfolio ] ) | Join ( ( System , inner.join , Portfolio ) ) | Merge (SystemDetailsFrame, ( System , left.outer.join , System ) ) ; \\n\\nPanel ( 4 ) | SetPanelView ( \\\"text-widget\\\" , \\\"<encode>{\\\"html\\\":\\\"<div ng-repeat=\\\\\\\"systemData in FrameData[0].output.data.values\\\\\\\" style=\\\\\\\"word-wrap: break-word; margin-right: 25px\\\\\\\">\\\\n<div class = \\\\\\\"header\\\\\\\"> <font size = \\\\\\\"5\\\\\\\" color = \\\\\\\"white\\\\\\\"><b>{{systemData[0] | replaceUnderscores}}</b></font></div>\\\\n\\\\n<div style=\\\\\\\"padding-left: 5px;\\\\\\\"> <font size = '4' color = '#575757'> <span style=\\\\\\\"font-weight:bold;\\\\\\\">Full Name:</span>   {{systemData[1] | replaceUnderscores}} </div>\\\\n<div style=\\\\\\\"padding-left: 5px;\\\\\\\"> <font size = '4' color = '#575757'> <span style=\\\\\\\"font-weight:bold;\\\\\\\">Description: </span> {{systemData[2] | replaceUnderscores}} </div>\\\\n<div style=\\\\\\\"padding-left: 5px;\\\\\\\"> <font size = '4' color = '#575757'> <span style=\\\\\\\"font-weight:bold;\\\\\\\">Disposition: </span> {{systemData[3] | replaceUnderscores}} </div>\\\\n<div style=\\\\\\\"padding-left: 5px;\\\\\\\"> <font size = '4' color = '#575757'> <span style=\\\\\\\"font-weight:bold;\\\\\\\">ATO Date: </span> {{systemData[4] | replaceUnderscores | removeTimeInDate}} </div>\\\\n<div style=\\\\\\\"padding-left: 5px;\\\\\\\"> <font size = '4' color = '#575757'> <span style=\\\\\\\"font-weight:bold;\\\\\\\">Portfolio Board: </span> {{systemData[5] | replaceUnderscores}} </div>\\\\n<div style=\\\\\\\"padding-left: 5px;\\\\\\\"> <font size = '4' color = '#575757'> <span style=\\\\\\\"font-weight:bold;\\\\\\\">SDD System SharePoint URL: </span> Press Ctrl button and <a href=\\\\\\\"https://info.health.mil/hit/sd/Artifact/Forms/AllItems.aspx\\\\\\\"> Click Here</a> to navigate to see more specific system artifacts</div>\\\\n<hr>\\\\n</div>\\\\n\\\\n<style>\\\\n#TextWidget .header{\\\\nbackground-color: #184D68;\\\\n}\\\\n</style>\\\",\\\"varList\\\":[{\\\"name\\\":\\\"FrameData\\\",\\\"query\\\":\\\"Frame (SystemDetailsFrame ) | Select ( System , Full_System_Name , Description , Disposition , ATO_Date, Portfolio ) | Iterate() | Collect(500);\\\"}],\\\"freeze\\\":false,\\\"loading\\\":true}</encode>\\\" ) ;\\n\\nSystemUsersFrame = CreateFrame (grid, override=[false] ); Database ( TAP_Core_Data ) | Select ( System , Personnel ) | Filter(System==[<instance>]) | Join ( ( System , inner.join , Personnel ) ) | Import ( SystemUsersFrame ) ; \\nPanel ( 5 ) | SetPanelView ( \\\"visualization\\\" ) ; IfError((Frame(DownstreamInterfaceFrame) | Select ( System , DataObject , DownstreamSystem ) .as ( [ System , DataObject , DownstreamSystem ] )| Format ( type = [ 'table' ] ) | TaskOptions ( { \\\"1\\\" : { \\\"layout\\\" : \\\"ParallelCoordinates\\\" , \\\"alignment\\\" : { \\\"dimension\\\" : [ \\\"System\\\" , \\\"DataObject\\\" , \\\"DownstreamSystem\\\" ] } } } ) | Collect ( -1 )), (Panel(1) | SetPanelView('')));IfError((Frame(UpstreamInterfaceFrame) | Select ( UpstreamSystem , DataObject , System ) .as ( [ UpstreamSystem , DataObject , System ] ) | Format ( type = [ 'table' ] ) | TaskOptions ( { \\\"2\\\" : { \\\"layout\\\" : \\\"ParallelCoordinates\\\" , \\\"alignment\\\" : { \\\"dimension\\\" : [ \\\"UpstreamSystem\\\" , \\\"DataObject\\\" , \\\"System\\\" ] } } } ) | Collect ( -1 )), (Panel(2) | SetPanelView(''))) ; IfError((Frame ( SystemSiteFrame ) | Select ( Installation , Installation__LAT , Installation__LONG ) .as ( [ Installation , LAT , LONG ] ) | Join ( ( SystemInstallation , inner.join , Installation ) , ( System , inner.join , SystemInstallation ) ) | Format ( type = [ 'table' ] ) | TaskOptions ( { \\\"3\\\" : { \\\"layout\\\" : \\\"Map\\\" , \\\"alignment\\\" : { \\\"label\\\" : [ \\\"Installation\\\" ] , \\\"latitude\\\" : [ \\\"LAT\\\" ] , \\\"longitude\\\" : [ \\\"LONG\\\" ] , \\\"size\\\" : [ ] , \\\"color\\\" : [ ] , \\\"tooltip\\\" : [ ] } } } ) | Collect ( -1 )), (Panel(3) | SetPanelView('map-echarts'))) ; IfError((Frame (SystemUsersFrame ) | Select ( System , Personnel ) .as ( [ System , Personnel ] ) | Format ( type = [ 'table' ] ) | TaskOptions ( { \\\"5\\\" : { \\\"layout\\\" : \\\"Dendrogram\\\" , \\\"alignment\\\" : { \\\"dimension\\\" : [ \\\"System\\\" , \\\"Personnel\\\" ] } } } ) | Collect ( -1 )), (Panel (5) | SetPanelView('')));\",\"label\":\"System Dashboard\",\"params\":[{\"paramName\":\"search\",\"view\":false,\"model\":{\"defaultValue\":\"\"}},{\"paramName\":\"instance\",\"required\":true,\"view\":{\"displayType\":\"checklist\",\"label\":\"Select a System\",\"description\":\"Select a System to view\",\"attributes\":{\"searchable\":true,\"multiple\":true,\"quickselect\":true}},\"model\":{\"query\":\"(infinite = Database(TAP_Core_Data) | Select(System) | Filter(System ?like \\\"<search>\\\") | Sort(cols=[System], direction=[asc]) | Iterate()) | Collect(50);\",\"infiniteQuery\":\"infinite | Collect(50);\",\"searchParam\":\"search\",\"dependsOn\":[\"concept\",\"search\"]},\"useSelectedValues\":true}],\"execute\":\"button\"}]}","viewOptionsMap":{"default-handle":{"json":[{"query":"DownstreamInterfaceFrame = CreateFrame ( grid, override=[false] ); Database ( TAP_Core_Data ) | Select ( System , SystemInterface, DataObject ) .as ( [ System , SystemInterface, DataObject ] ) | Filter(System==[<instance>]) |  Join ( ( System , inner.join , SystemInterface ), ( SystemInterface , inner.join , DataObject ) ) | Import (DownstreamInterfaceFrame) ; Database ( TAP_Core_Data ) | Select ( System , SystemInterface ) .as ( [ DownstreamSystem , SystemInterface ] ) | Join ( ( SystemInterface , inner.join , System ) ) | Merge (DownstreamInterfaceFrame, ( SystemInterface , left.outer.join , SystemInterface ) ) ; Database ( TAP_Core_Data ) | Select ( SystemInterface , DataObject ) | Join ( ( SystemInterface , inner.join , DataObject ) ) | Merge (DownstreamInterfaceFrame, ( SystemInterface , left.outer.join , SystemInterface ) ) ; Panel ( 1 ) | SetPanelView ( \"visualization\" ) ; UpstreamInterfaceFrame = CreateFrame ( grid, override=[false] ); Database ( TAP_Core_Data ) | Select ( System , SystemInterface ) .as ( [ System , SystemInterface ] ) | Filter(System==[<instance>]) | Join ( ( SystemInterface , inner.join , System ) ) | Import (UpstreamInterfaceFrame ) ; Database ( TAP_Core_Data ) | Select ( System , SystemInterface ) .as ( [ UpstreamSystem , SystemInterface ] ) | Join ( ( System , inner.join , SystemInterface ) ) | Merge (UpstreamInterfaceFrame, ( SystemInterface , inner.join , SystemInterface ) ) ; Database ( TAP_Core_Data ) | Select ( SystemInterface , DataObject ) | Join ( ( SystemInterface , inner.join , DataObject ) ) | Merge (UpstreamInterfaceFrame, ( SystemInterface , left.outer.join , SystemInterface ) ); Panel ( 2 ) | SetPanelView ( \"visualization\" ) ; SystemSiteFrame = CreateFrame (native, override=[false] ); Database ( TAP_Site_Data ) | Select ( Installation , Installation__LAT , Installation__LONG , SystemInstallation , System ) | Filter(System==[<instance>]) | Join ( ( SystemInstallation , inner.join , Installation ) , ( System , inner.join , SystemInstallation ) ) | Import ( SystemSiteFrame ) ;Panel ( 3 ) | SetPanelView ( \"visualization\" ) ; SystemDetailsFrame = CreateFrame (grid, override=[false] );Database ( TAP_Core_Data ) | Select ( System ) .as ( [ System ] ) | Filter(System==[<instance>]) | Import (SystemDetailsFrame ) ;Database ( TAP_Core_Data ) | Select ( System , System__Full_System_Name ) .as ( [ System , Full_System_Name ] ) | Merge (SystemDetailsFrame, ( System , left.outer.join , System ) ) ;Database ( TAP_Core_Data ) | Select ( System , System__Description ) .as ( [ System , Description ] ) | Merge (SystemDetailsFrame, ( System , left.outer.join , System ) ) ;Database ( TAP_Core_Data ) | Select ( System , System__Disposition ) .as ( [ System , Disposition ] ) | Merge (SystemDetailsFrame, ( System , left.outer.join , System ) ) ;Database ( TAP_Core_Data ) | Select ( System , System__ATO_Date ) .as ( [ System , ATO_Date ] ) | Merge (SystemDetailsFrame, ( System , left.outer.join , System ) ) ;Database ( TAP_Core_Data ) | Select ( System , Portfolio ) .as ( [ System , Portfolio ] ) | Join ( ( System , inner.join , Portfolio ) ) | Merge (SystemDetailsFrame, ( System , left.outer.join , System ) ) ; \n\nPanel ( 4 ) | SetPanelView ( \"text-widget\" , \"<encode>{\"html\":\"<div ng-repeat=\\\"systemData in FrameData[0].output.data.values\\\" style=\\\"word-wrap: break-word; margin-right: 25px\\\">\\n<div class = \\\"header\\\"> <font size = \\\"5\\\" color = \\\"white\\\"><b>{{systemData[0] | replaceUnderscores}}</b></font></div>\\n\\n<div style=\\\"padding-left: 5px;\\\"> <font size = '4' color = '#575757'> <span style=\\\"font-weight:bold;\\\">Full Name:</span>   {{systemData[1] | replaceUnderscores}} </div>\\n<div style=\\\"padding-left: 5px;\\\"> <font size = '4' color = '#575757'> <span style=\\\"font-weight:bold;\\\">Description: </span> {{systemData[2] | replaceUnderscores}} </div>\\n<div style=\\\"padding-left: 5px;\\\"> <font size = '4' color = '#575757'> <span style=\\\"font-weight:bold;\\\">Disposition: </span> {{systemData[3] | replaceUnderscores}} </div>\\n<div style=\\\"padding-left: 5px;\\\"> <font size = '4' color = '#575757'> <span style=\\\"font-weight:bold;\\\">ATO Date: </span> {{systemData[4] | replaceUnderscores | removeTimeInDate}} </div>\\n<div style=\\\"padding-left: 5px;\\\"> <font size = '4' color = '#575757'> <span style=\\\"font-weight:bold;\\\">Portfolio Board: </span> {{systemData[5] | replaceUnderscores}} </div>\\n<div style=\\\"padding-left: 5px;\\\"> <font size = '4' color = '#575757'> <span style=\\\"font-weight:bold;\\\">SDD System SharePoint URL: </span> Press Ctrl button and <a href=\\\"https://info.health.mil/hit/sd/Artifact/Forms/AllItems.aspx\\\"> Click Here</a> to navigate to see more specific system artifacts</div>\\n<hr>\\n</div>\\n\\n<style>\\n#TextWidget .header{\\nbackground-color: #184D68;\\n}\\n</style>\",\"varList\":[{\"name\":\"FrameData\",\"query\":\"Frame (SystemDetailsFrame ) | Select ( System , Full_System_Name , Description , Disposition , ATO_Date, Portfolio ) | Iterate() | Collect(500);\"}],\"freeze\":false,\"loading\":true}</encode>\" ) ;\n\nSystemUsersFrame = CreateFrame (grid, override=[false] ); Database ( TAP_Core_Data ) | Select ( System , Personnel ) | Filter(System==[<instance>]) | Join ( ( System , inner.join , Personnel ) ) | Import ( SystemUsersFrame ) ; \nPanel ( 5 ) | SetPanelView ( \"visualization\" ) ; IfError((Frame(DownstreamInterfaceFrame) | Select ( System , DataObject , DownstreamSystem ) .as ( [ System , DataObject , DownstreamSystem ] )| Format ( type = [ 'table' ] ) | TaskOptions ( { \"1\" : { \"layout\" : \"ParallelCoordinates\" , \"alignment\" : { \"dimension\" : [ \"System\" , \"DataObject\" , \"DownstreamSystem\" ] } } } ) | Collect ( -1 )), (Panel(1) | SetPanelView('')));IfError((Frame(UpstreamInterfaceFrame) | Select ( UpstreamSystem , DataObject , System ) .as ( [ UpstreamSystem , DataObject , System ] ) | Format ( type = [ 'table' ] ) | TaskOptions ( { \"2\" : { \"layout\" : \"ParallelCoordinates\" , \"alignment\" : { \"dimension\" : [ \"UpstreamSystem\" , \"DataObject\" , \"System\" ] } } } ) | Collect ( -1 )), (Panel(2) | SetPanelView(''))) ; IfError((Frame ( SystemSiteFrame ) | Select ( Installation , Installation__LAT , Installation__LONG ) .as ( [ Installation , LAT , LONG ] ) | Join ( ( SystemInstallation , inner.join , Installation ) , ( System , inner.join , SystemInstallation ) ) | Format ( type = [ 'table' ] ) | TaskOptions ( { \"3\" : { \"layout\" : \"Map\" , \"alignment\" : { \"label\" : [ \"Installation\" ] , \"latitude\" : [ \"LAT\" ] , \"longitude\" : [ \"LONG\" ] , \"size\" : [ ] , \"color\" : [ ] , \"tooltip\" : [ ] } } } ) | Collect ( -1 )), (Panel(3) | SetPanelView('map-echarts'))) ; IfError((Frame (SystemUsersFrame ) | Select ( System , Personnel ) .as ( [ System , Personnel ] ) | Format ( type = [ 'table' ] ) | TaskOptions ( { \"5\" : { \"layout\" : \"Dendrogram\" , \"alignment\" : { \"dimension\" : [ \"System\" , \"Personnel\" ] } } } ) | Collect ( -1 )), (Panel (5) | SetPanelView('')));","label":"System Dashboard","params":[{"paramName":"search","view":false,"model":{"defaultValue":""}},{"paramName":"instance","required":true,"view":{"displayType":"checklist","label":"Select a System","description":"Select a System to view","attributes":{"searchable":true,"multiple":true,"quickselect":true}},"model":{"query":"(infinite = Database(TAP_Core_Data) | Select(System) | Filter(System ?like \"<search>\") | Sort(cols=[System], direction=[asc]) | Iterate()) | Collect(50);","infiniteQuery":"infinite | Collect(50);","searchParam":"search","dependsOn":["concept","search"]},"useSelectedValues":true}],"execute":"button"}]}},"config":{},"ornaments":{},"events":{},"comments":{},"position":{},"filters":[],"order":[],"cbv":[]},"operationType":["CACHED_PANEL"]},{"pixelExpression":"CachedPanel ( \"1\" ) ;","isMeta":false,"output":{"panelId":"1","panelLabel":"Downstream Interfaces","view":"","viewOptionsMap":{},"config":{},"ornaments":{},"events":{},"comments":{},"position":{},"filters":[],"order":[],"cbv":[]},"operationType":["CACHED_PANEL"]},{"pixelExpression":"CachedPanel ( \"2\" ) ;","isMeta":false,"output":{"panelId":"2","panelLabel":"Upstream Interfaces","view":"","viewOptionsMap":{},"config":{},"ornaments":{},"events":{},"comments":{},"position":{},"filters":[],"order":[],"cbv":[]},"operationType":["CACHED_PANEL"]},{"pixelExpression":"CachedPanel ( \"3\" ) ;","isMeta":false,"output":{"panelId":"3","panelLabel":"Deployed Sites","view":"","viewOptionsMap":{},"config":{},"ornaments":{},"events":{},"comments":{},"position":{},"filters":[],"order":[],"cbv":[]},"operationType":["CACHED_PANEL"]},{"pixelExpression":"CachedPanel ( \"4\" ) ;","isMeta":false,"output":{"panelId":"4","panelLabel":"System Details","view":"","viewOptionsMap":{},"config":{},"ornaments":{},"events":{},"comments":{},"position":{},"filters":[],"order":[],"cbv":[]},"operationType":["CACHED_PANEL"]},{"pixelExpression":"CachedPanel ( \"5\" ) ;","isMeta":false,"output":{"panelId":"5","panelLabel":"System Users","view":"","viewOptionsMap":{},"config":{},"ornaments":{},"events":{},"comments":{},"position":{},"filters":[],"order":[],"cbv":[]},"operationType":["CACHED_PANEL"]}]}